ts,addr_base_register,offset,resolved_mem_addr,forest_ptr,node_number
48,78,0,7,7,0
48,78,1,7,7,0
49,78,2,7,7,0
49,78,3,7,7,0
50,78,4,7,7,0
50,78,5,7,7,0
51,78,6,7,7,0
51,78,7,7,7,0
52,112,0,7,7,0
53,112,1,7,7,0
53,112,2,7,7,0
54,112,3,7,7,0
54,112,4,7,7,0
55,112,5,7,7,0
55,112,6,7,7,0
56,112,7,7,7,0
57,146,0,7,7,0
57,146,1,7,7,0
58,146,2,7,7,0
58,146,3,7,7,0
59,146,4,7,7,0
59,146,5,7,7,0
60,146,6,7,7,0
60,146,7,7,7,0
61,180,0,7,7,0
62,180,1,7,7,0
62,180,2,7,7,0
63,180,3,7,7,0
63,180,4,7,7,0
64,180,5,7,7,0
64,180,6,7,7,0
65,180,7,7,7,0
66,214,0,7,7,0
66,214,1,7,7,0
67,214,2,7,7,0
67,214,3,7,7,0
68,214,4,7,7,0
68,214,5,7,7,0
69,214,6,7,7,0
69,214,7,7,7,0
70,248,0,7,7,0
71,248,1,7,7,0
71,248,2,7,7,0
72,248,3,7,7,0
72,248,4,7,7,0
73,248,5,7,7,0
73,248,6,7,7,0
74,248,7,7,7,0
75,282,0,7,7,0
75,282,1,7,7,0
76,282,2,7,7,0
76,282,3,7,7,0
77,282,4,7,7,0
77,282,5,7,7,0
78,282,6,7,7,0
78,282,7,7,7,0
79,316,0,7,7,0
80,316,1,7,7,0
80,316,2,7,7,0
81,316,3,7,7,0
81,316,4,7,7,0
82,316,5,7,7,0
82,316,6,7,7,0
83,316,7,7,7,0
84,350,0,7,7,0
84,350,1,7,7,0
85,350,2,7,7,0
85,350,3,7,7,0
86,350,4,7,7,0
86,350,5,7,7,0
87,350,6,7,7,0
87,350,7,7,7,0
88,384,0,7,7,0
89,384,1,7,7,0
89,384,2,7,7,0
90,384,3,7,7,0
90,384,4,7,7,0
91,384,5,7,7,0
91,384,6,7,7,0
92,384,7,7,7,0
93,418,0,7,7,0
93,418,1,7,7,0
94,418,2,7,7,0
94,418,3,7,7,0
95,418,4,7,7,0
95,418,5,7,7,0
96,418,6,7,7,0
96,418,7,7,7,0
97,452,0,7,7,0
98,452,1,7,7,0
98,452,2,7,7,0
99,452,3,7,7,0
99,452,4,7,7,0
100,452,5,7,7,0
100,452,6,7,7,0
101,452,7,7,7,0
102,486,0,7,7,0
102,486,1,7,7,0
103,486,2,7,7,0
103,486,3,7,7,0
104,486,4,7,7,0
104,486,5,7,7,0
105,486,6,7,7,0
105,486,7,7,7,0
106,520,0,7,7,0
107,520,1,7,7,0
107,520,2,7,7,0
108,520,3,7,7,0
108,520,4,7,7,0
109,520,5,7,7,0
109,520,6,7,7,0
110,520,7,7,7,0
111,554,0,7,7,0
111,554,1,7,7,0
112,554,2,7,7,0
112,554,3,7,7,0
113,554,4,7,7,0
113,554,5,7,7,0
114,554,6,7,7,0
114,554,7,7,7,0
115,588,0,7,7,0
116,588,1,7,7,0
116,588,2,7,7,0
117,588,3,7,7,0
117,588,4,7,7,0
118,588,5,7,7,0
118,588,6,7,7,0
119,588,7,7,7,0
120,622,0,7,7,0
120,622,1,7,7,0
121,622,2,7,7,0
121,622,3,7,7,0
122,622,4,7,7,0
122,622,5,7,7,0
123,622,6,7,7,0
123,622,7,7,7,0
124,656,0,7,7,0
125,656,1,7,7,0
125,656,2,7,7,0
126,656,3,7,7,0
126,656,4,7,7,0
127,656,5,7,7,0
127,656,6,7,7,0
128,656,7,7,7,0
129,690,0,7,7,0
129,690,1,7,7,0
130,690,2,7,7,0
130,690,3,7,7,0
131,690,4,7,7,0
131,690,5,7,7,0
132,690,6,7,7,0
132,690,7,7,7,0
133,724,0,7,7,0
134,724,1,7,7,0
134,724,2,7,7,0
135,724,3,7,7,0
135,724,4,7,7,0
136,724,5,7,7,0
136,724,6,7,7,0
137,724,7,7,7,0
138,758,0,7,7,0
138,758,1,7,7,0
139,758,2,7,7,0
139,758,3,7,7,0
140,758,4,7,7,0
140,758,5,7,7,0
141,758,6,7,7,0
141,758,7,7,7,0
142,792,0,7,7,0
143,792,1,7,7,0
143,792,2,7,7,0
144,792,3,7,7,0
144,792,4,7,7,0
145,792,5,7,7,0
145,792,6,7,7,0
146,792,7,7,7,0
147,826,0,7,7,0
147,826,1,7,7,0
148,826,2,7,7,0
148,826,3,7,7,0
149,826,4,7,7,0
149,826,5,7,7,0
150,826,6,7,7,0
150,826,7,7,7,0
151,860,0,7,7,0
152,860,1,7,7,0
152,860,2,7,7,0
153,860,3,7,7,0
153,860,4,7,7,0
154,860,5,7,7,0
154,860,6,7,7,0
155,860,7,7,7,0
156,894,0,7,7,0
156,894,1,7,7,0
157,894,2,7,7,0
157,894,3,7,7,0
158,894,4,7,7,0
158,894,5,7,7,0
159,894,6,7,7,0
159,894,7,7,7,0
160,928,0,7,7,0
161,928,1,7,7,0
161,928,2,7,7,0
162,928,3,7,7,0
162,928,4,7,7,0
163,928,5,7,7,0
163,928,6,7,7,0
164,928,7,7,7,0
165,962,0,7,7,0
165,962,1,7,7,0
166,962,2,7,7,0
166,962,3,7,7,0
167,962,4,7,7,0
167,962,5,7,7,0
168,962,6,7,7,0
168,962,7,7,7,0
169,996,0,7,7,0
170,996,1,7,7,0
170,996,2,7,7,0
171,996,3,7,7,0
171,996,4,7,7,0
172,996,5,7,7,0
172,996,6,7,7,0
173,996,7,7,7,0
174,1030,0,7,7,0
174,1030,1,7,7,0
175,1030,2,7,7,0
175,1030,3,7,7,0
176,1030,4,7,7,0
176,1030,5,7,7,0
177,1030,6,7,7,0
177,1030,7,7,7,0
178,1064,0,7,7,0
179,1064,1,7,7,0
179,1064,2,7,7,0
180,1064,3,7,7,0
180,1064,4,7,7,0
181,1064,5,7,7,0
181,1064,6,7,7,0
182,1064,7,7,7,0
183,1098,0,7,7,0
183,1098,1,7,7,0
184,1098,2,7,7,0
184,1098,3,7,7,0
185,1098,4,7,7,0
185,1098,5,7,7,0
186,1098,6,7,7,0
186,1098,7,7,7,0
187,1132,0,7,7,0
188,1132,1,7,7,0
188,1132,2,7,7,0
189,1132,3,7,7,0
189,1132,4,7,7,0
190,1132,5,7,7,0
190,1132,6,7,7,0
191,1132,7,7,7,0
291,78,0,9,7,2
291,78,1,8,7,1
292,78,2,9,7,2
292,78,3,8,7,1
293,78,4,9,7,2
293,78,5,9,7,2
294,78,6,9,7,2
294,78,7,9,7,2
295,112,0,8,7,1
295,112,1,8,7,1
296,112,2,9,7,2
296,112,3,8,7,1
297,112,4,9,7,2
297,112,5,8,7,1
298,112,6,8,7,1
298,112,7,9,7,2
299,146,0,9,7,2
299,146,1,8,7,1
300,146,2,8,7,1
300,146,3,8,7,1
301,146,4,9,7,2
301,146,5,8,7,1
302,146,6,8,7,1
302,146,7,8,7,1
303,180,0,9,7,2
303,180,1,8,7,1
304,180,2,8,7,1
304,180,3,9,7,2
305,180,4,9,7,2
305,180,5,9,7,2
306,180,6,8,7,1
306,180,7,8,7,1
307,214,0,8,7,1
307,214,1,9,7,2
308,214,2,8,7,1
308,214,3,9,7,2
309,214,4,8,7,1
309,214,5,8,7,1
310,214,6,9,7,2
310,214,7,9,7,2
311,248,0,9,7,2
311,248,1,8,7,1
312,248,2,8,7,1
312,248,3,9,7,2
313,248,4,9,7,2
313,248,5,9,7,2
314,248,6,8,7,1
314,248,7,8,7,1
315,282,0,8,7,1
315,282,1,9,7,2
316,282,2,8,7,1
316,282,3,9,7,2
317,282,4,9,7,2
317,282,5,9,7,2
318,282,6,8,7,1
318,282,7,8,7,1
319,316,0,9,7,2
319,316,1,9,7,2
320,316,2,8,7,1
320,316,3,8,7,1
321,316,4,9,7,2
321,316,5,9,7,2
322,316,6,9,7,2
322,316,7,9,7,2
323,350,0,9,7,2
323,350,1,8,7,1
324,350,2,9,7,2
324,350,3,8,7,1
325,350,4,8,7,1
325,350,5,9,7,2
326,350,6,9,7,2
326,350,7,8,7,1
327,384,0,9,7,2
327,384,1,8,7,1
328,384,2,8,7,1
328,384,3,8,7,1
329,384,4,9,7,2
329,384,5,9,7,2
330,384,6,8,7,1
330,384,7,8,7,1
331,418,0,8,7,1
331,418,1,8,7,1
332,418,2,9,7,2
332,418,3,9,7,2
333,418,4,8,7,1
333,418,5,8,7,1
334,418,6,9,7,2
334,418,7,8,7,1
335,452,0,9,7,2
335,452,1,9,7,2
336,452,2,8,7,1
336,452,3,8,7,1
337,452,4,9,7,2
337,452,5,8,7,1
338,452,6,8,7,1
338,452,7,8,7,1
339,486,0,8,7,1
339,486,1,9,7,2
340,486,2,9,7,2
340,486,3,9,7,2
341,486,4,8,7,1
341,486,5,8,7,1
342,486,6,9,7,2
342,486,7,9,7,2
343,520,0,9,7,2
343,520,1,9,7,2
344,520,2,8,7,1
344,520,3,8,7,1
345,520,4,8,7,1
345,520,5,8,7,1
346,520,6,8,7,1
346,520,7,9,7,2
347,554,0,9,7,2
347,554,1,9,7,2
348,554,2,9,7,2
348,554,3,9,7,2
349,554,4,8,7,1
349,554,5,9,7,2
350,554,6,9,7,2
350,554,7,9,7,2
351,588,0,9,7,2
351,588,1,9,7,2
352,588,2,9,7,2
352,588,3,8,7,1
353,588,4,9,7,2
353,588,5,9,7,2
354,588,6,8,7,1
354,588,7,9,7,2
355,622,0,9,7,2
355,622,1,9,7,2
356,622,2,9,7,2
356,622,3,8,7,1
357,622,4,9,7,2
357,622,5,9,7,2
358,622,6,8,7,1
358,622,7,8,7,1
359,656,0,9,7,2
359,656,1,8,7,1
360,656,2,9,7,2
360,656,3,9,7,2
361,656,4,8,7,1
361,656,5,8,7,1
362,656,6,9,7,2
362,656,7,8,7,1
363,690,0,9,7,2
363,690,1,9,7,2
364,690,2,8,7,1
364,690,3,8,7,1
365,690,4,8,7,1
365,690,5,8,7,1
366,690,6,9,7,2
366,690,7,8,7,1
367,724,0,8,7,1
367,724,1,9,7,2
368,724,2,9,7,2
368,724,3,9,7,2
369,724,4,8,7,1
369,724,5,8,7,1
370,724,6,9,7,2
370,724,7,8,7,1
371,758,0,9,7,2
371,758,1,9,7,2
372,758,2,8,7,1
372,758,3,9,7,2
373,758,4,9,7,2
373,758,5,9,7,2
374,758,6,8,7,1
374,758,7,8,7,1
375,792,0,9,7,2
375,792,1,8,7,1
376,792,2,8,7,1
376,792,3,8,7,1
377,792,4,9,7,2
377,792,5,8,7,1
378,792,6,9,7,2
378,792,7,8,7,1
379,826,0,8,7,1
379,826,1,8,7,1
380,826,2,9,7,2
380,826,3,8,7,1
381,826,4,9,7,2
381,826,5,9,7,2
382,826,6,8,7,1
382,826,7,9,7,2
383,860,0,8,7,1
383,860,1,8,7,1
384,860,2,8,7,1
384,860,3,9,7,2
385,860,4,8,7,1
385,860,5,9,7,2
386,860,6,8,7,1
386,860,7,9,7,2
387,894,0,8,7,1
387,894,1,8,7,1
388,894,2,8,7,1
388,894,3,8,7,1
389,894,4,8,7,1
389,894,5,8,7,1
390,894,6,8,7,1
390,894,7,8,7,1
391,928,0,9,7,2
391,928,1,8,7,1
392,928,2,9,7,2
392,928,3,9,7,2
393,928,4,8,7,1
393,928,5,9,7,2
394,928,6,9,7,2
394,928,7,9,7,2
395,962,0,9,7,2
395,962,1,8,7,1
396,962,2,9,7,2
396,962,3,9,7,2
397,962,4,9,7,2
397,962,5,8,7,1
398,962,6,9,7,2
398,962,7,8,7,1
399,996,0,9,7,2
399,996,1,8,7,1
400,996,2,8,7,1
400,996,3,9,7,2
401,996,4,9,7,2
401,996,5,8,7,1
402,996,6,9,7,2
402,996,7,9,7,2
403,1030,0,9,7,2
403,1030,1,8,7,1
404,1030,2,8,7,1
404,1030,3,9,7,2
405,1030,4,9,7,2
405,1030,5,9,7,2
406,1030,6,8,7,1
406,1030,7,9,7,2
407,1064,0,8,7,1
407,1064,1,8,7,1
408,1064,2,9,7,2
408,1064,3,9,7,2
409,1064,4,9,7,2
409,1064,5,8,7,1
410,1064,6,9,7,2
410,1064,7,8,7,1
411,1098,0,8,7,1
411,1098,1,9,7,2
412,1098,2,9,7,2
412,1098,3,8,7,1
413,1098,4,9,7,2
413,1098,5,9,7,2
414,1098,6,9,7,2
414,1098,7,9,7,2
415,1132,0,8,7,1
415,1132,1,9,7,2
416,1132,2,8,7,1
416,1132,3,9,7,2
417,1132,4,9,7,2
417,1132,5,8,7,1
418,1132,6,9,7,2
418,1132,7,9,7,2
419,78,0,13,7,6
419,78,1,10,7,3
420,78,2,13,7,6
420,78,3,10,7,3
421,78,4,12,7,5
421,78,5,12,7,5
422,78,6,12,7,5
422,78,7,12,7,5
423,112,0,10,7,3
423,112,1,11,7,4
424,112,2,13,7,6
424,112,3,11,7,4
425,112,4,13,7,6
425,112,5,11,7,4
426,112,6,11,7,4
426,112,7,13,7,6
427,146,0,13,7,6
427,146,1,10,7,3
428,146,2,10,7,3
428,146,3,10,7,3
429,146,4,13,7,6
429,146,5,11,7,4
430,146,6,10,7,3
430,146,7,10,7,3
431,180,0,13,7,6
431,180,1,11,7,4
432,180,2,10,7,3
432,180,3,13,7,6
433,180,4,13,7,6
433,180,5,12,7,5
434,180,6,10,7,3
434,180,7,10,7,3
435,214,0,11,7,4
435,214,1,13,7,6
436,214,2,11,7,4
436,214,3,13,7,6
437,214,4,11,7,4
437,214,5,10,7,3
438,214,6,13,7,6
438,214,7,13,7,6
439,248,0,13,7,6
439,248,1,10,7,3
440,248,2,10,7,3
440,248,3,12,7,5
441,248,4,12,7,5
441,248,5,12,7,5
442,248,6,10,7,3
442,248,7,11,7,4
443,282,0,11,7,4
443,282,1,12,7,5
444,282,2,11,7,4
444,282,3,13,7,6
445,282,4,13,7,6
445,282,5,13,7,6
446,282,6,10,7,3
446,282,7,10,7,3
447,316,0,13,7,6
447,316,1,12,7,5
448,316,2,11,7,4
448,316,3,10,7,3
449,316,4,12,7,5
449,316,5,13,7,6
450,316,6,13,7,6
450,316,7,13,7,6
451,350,0,13,7,6
451,350,1,10,7,3
452,350,2,12,7,5
452,350,3,11,7,4
453,350,4,11,7,4
453,350,5,13,7,6
454,350,6,12,7,5
454,350,7,11,7,4
455,384,0,13,7,6
455,384,1,10,7,3
456,384,2,11,7,4
456,384,3,11,7,4
457,384,4,13,7,6
457,384,5,12,7,5
458,384,6,11,7,4
458,384,7,11,7,4
459,418,0,10,7,3
459,418,1,11,7,4
460,418,2,12,7,5
460,418,3,12,7,5
461,418,4,11,7,4
461,418,5,10,7,3
462,418,6,13,7,6
462,418,7,11,7,4
463,452,0,12,7,5
463,452,1,12,7,5
464,452,2,10,7,3
464,452,3,11,7,4
465,452,4,12,7,5
465,452,5,10,7,3
466,452,6,11,7,4
466,452,7,10,7,3
467,486,0,11,7,4
467,486,1,13,7,6
468,486,2,12,7,5
468,486,3,13,7,6
469,486,4,11,7,4
469,486,5,11,7,4
470,486,6,12,7,5
470,486,7,12,7,5
471,520,0,12,7,5
471,520,1,13,7,6
472,520,2,11,7,4
472,520,3,10,7,3
473,520,4,10,7,3
473,520,5,10,7,3
474,520,6,10,7,3
474,520,7,12,7,5
475,554,0,13,7,6
475,554,1,12,7,5
476,554,2,12,7,5
476,554,3,13,7,6
477,554,4,11,7,4
477,554,5,12,7,5
478,554,6,13,7,6
478,554,7,12,7,5
479,588,0,12,7,5
479,588,1,13,7,6
480,588,2,12,7,5
480,588,3,11,7,4
481,588,4,13,7,6
481,588,5,12,7,5
482,588,6,10,7,3
482,588,7,13,7,6
483,622,0,13,7,6
483,622,1,13,7,6
484,622,2,12,7,5
484,622,3,10,7,3
485,622,4,13,7,6
485,622,5,13,7,6
486,622,6,11,7,4
486,622,7,10,7,3
487,656,0,13,7,6
487,656,1,10,7,3
488,656,2,12,7,5
488,656,3,13,7,6
489,656,4,11,7,4
489,656,5,10,7,3
490,656,6,13,7,6
490,656,7,10,7,3
491,690,0,13,7,6
491,690,1,13,7,6
492,690,2,10,7,3
492,690,3,11,7,4
493,690,4,10,7,3
493,690,5,11,7,4
494,690,6,12,7,5
494,690,7,10,7,3
495,724,0,11,7,4
495,724,1,12,7,5
496,724,2,12,7,5
496,724,3,13,7,6
497,724,4,11,7,4
497,724,5,11,7,4
498,724,6,13,7,6
498,724,7,10,7,3
499,758,0,13,7,6
499,758,1,12,7,5
500,758,2,10,7,3
500,758,3,12,7,5
501,758,4,12,7,5
501,758,5,12,7,5
502,758,6,10,7,3
502,758,7,10,7,3
503,792,0,13,7,6
503,792,1,10,7,3
504,792,2,10,7,3
504,792,3,10,7,3
505,792,4,12,7,5
505,792,5,10,7,3
506,792,6,12,7,5
506,792,7,11,7,4
507,826,0,11,7,4
507,826,1,11,7,4
508,826,2,13,7,6
508,826,3,10,7,3
509,826,4,13,7,6
509,826,5,12,7,5
510,826,6,11,7,4
510,826,7,13,7,6
511,860,0,11,7,4
511,860,1,10,7,3
512,860,2,11,7,4
512,860,3,13,7,6
513,860,4,11,7,4
513,860,5,13,7,6
514,860,6,11,7,4
514,860,7,13,7,6
515,894,0,11,7,4
515,894,1,11,7,4
516,894,2,11,7,4
516,894,3,10,7,3
517,894,4,11,7,4
517,894,5,10,7,3
518,894,6,11,7,4
518,894,7,11,7,4
519,928,0,13,7,6
519,928,1,11,7,4
520,928,2,12,7,5
520,928,3,13,7,6
521,928,4,10,7,3
521,928,5,13,7,6
522,928,6,13,7,6
522,928,7,13,7,6
523,962,0,13,7,6
523,962,1,10,7,3
524,962,2,12,7,5
524,962,3,13,7,6
525,962,4,13,7,6
525,962,5,11,7,4
526,962,6,12,7,5
526,962,7,11,7,4
527,996,0,12,7,5
527,996,1,10,7,3
528,996,2,11,7,4
528,996,3,13,7,6
529,996,4,13,7,6
529,996,5,11,7,4
530,996,6,12,7,5
530,996,7,12,7,5
531,1030,0,13,7,6
531,1030,1,10,7,3
532,1030,2,10,7,3
532,1030,3,12,7,5
533,1030,4,12,7,5
533,1030,5,12,7,5
534,1030,6,10,7,3
534,1030,7,12,7,5
535,1064,0,10,7,3
535,1064,1,11,7,4
536,1064,2,12,7,5
536,1064,3,13,7,6
537,1064,4,12,7,5
537,1064,5,11,7,4
538,1064,6,12,7,5
538,1064,7,11,7,4
539,1098,0,10,7,3
539,1098,1,13,7,6
540,1098,2,12,7,5
540,1098,3,10,7,3
541,1098,4,12,7,5
541,1098,5,12,7,5
542,1098,6,12,7,5
542,1098,7,13,7,6
543,1132,0,11,7,4
543,1132,1,12,7,5
544,1132,2,11,7,4
544,1132,3,13,7,6
545,1132,4,13,7,6
545,1132,5,11,7,4
546,1132,6,13,7,6
546,1132,7,12,7,5
547,78,0,20,7,13
547,78,1,15,7,8
548,78,2,21,7,14
548,78,3,15,7,8
549,78,4,19,7,12
549,78,5,19,7,12
550,78,6,18,7,11
550,78,7,19,7,12
551,112,0,14,7,7
551,112,1,16,7,9
552,112,2,20,7,13
552,112,3,17,7,10
553,112,4,20,7,13
553,112,5,17,7,10
554,112,6,17,7,10
554,112,7,21,7,14
555,146,0,20,7,13
555,146,1,14,7,7
556,146,2,14,7,7
556,146,3,15,7,8
557,146,4,21,7,14
557,146,5,17,7,10
558,146,6,15,7,8
558,146,7,15,7,8
559,180,0,21,7,14
559,180,1,17,7,10
560,180,2,14,7,7
560,180,3,20,7,13
561,180,4,20,7,13
561,180,5,18,7,11
562,180,6,15,7,8
562,180,7,15,7,8
563,214,0,17,7,10
563,214,1,20,7,13
564,214,2,16,7,9
564,214,3,20,7,13
565,214,4,16,7,9
565,214,5,14,7,7
566,214,6,20,7,13
566,214,7,20,7,13
567,248,0,20,7,13
567,248,1,14,7,7
568,248,2,15,7,8
568,248,3,19,7,12
569,248,4,18,7,11
569,248,5,19,7,12
570,248,6,14,7,7
570,248,7,17,7,10
571,282,0,17,7,10
571,282,1,18,7,11
572,282,2,17,7,10
572,282,3,20,7,13
573,282,4,21,7,14
573,282,5,21,7,14
574,282,6,14,7,7
574,282,7,14,7,7
575,316,0,21,7,14
575,316,1,18,7,11
576,316,2,17,7,10
576,316,3,14,7,7
577,316,4,18,7,11
577,316,5,20,7,13
578,316,6,21,7,14
578,316,7,20,7,13
579,350,0,20,7,13
579,350,1,15,7,8
580,350,2,18,7,11
580,350,3,17,7,10
581,350,4,17,7,10
581,350,5,20,7,13
582,350,6,19,7,12
582,350,7,16,7,9
583,384,0,21,7,14
583,384,1,14,7,7
584,384,2,17,7,10
584,384,3,17,7,10
585,384,4,21,7,14
585,384,5,19,7,12
586,384,6,17,7,10
586,384,7,17,7,10
587,418,0,15,7,8
587,418,1,17,7,10
588,418,2,19,7,12
588,418,3,18,7,11
589,418,4,16,7,9
589,418,5,14,7,7
590,418,6,20,7,13
590,418,7,17,7,10
591,452,0,18,7,11
591,452,1,19,7,12
592,452,2,15,7,8
592,452,3,16,7,9
593,452,4,18,7,11
593,452,5,15,7,8
594,452,6,17,7,10
594,452,7,14,7,7
595,486,0,16,7,9
595,486,1,21,7,14
596,486,2,19,7,12
596,486,3,21,7,14
597,486,4,16,7,9
597,486,5,16,7,9
598,486,6,18,7,11
598,486,7,19,7,12
599,520,0,18,7,11
599,520,1,20,7,13
600,520,2,16,7,9
600,520,3,15,7,8
601,520,4,14,7,7
601,520,5,15,7,8
602,520,6,14,7,7
602,520,7,18,7,11
603,554,0,21,7,14
603,554,1,18,7,11
604,554,2,18,7,11
604,554,3,21,7,14
605,554,4,17,7,10
605,554,5,18,7,11
606,554,6,20,7,13
606,554,7,18,7,11
607,588,0,19,7,12
607,588,1,20,7,13
608,588,2,18,7,11
608,588,3,17,7,10
609,588,4,20,7,13
609,588,5,19,7,12
610,588,6,14,7,7
610,588,7,20,7,13
611,622,0,21,7,14
611,622,1,21,7,14
612,622,2,18,7,11
612,622,3,14,7,7
613,622,4,20,7,13
613,622,5,21,7,14
614,622,6,17,7,10
614,622,7,14,7,7
615,656,0,21,7,14
615,656,1,15,7,8
616,656,2,19,7,12
616,656,3,21,7,14
617,656,4,16,7,9
617,656,5,15,7,8
618,656,6,21,7,14
618,656,7,15,7,8
619,690,0,20,7,13
619,690,1,20,7,13
620,690,2,15,7,8
620,690,3,17,7,10
621,690,4,14,7,7
621,690,5,16,7,9
622,690,6,18,7,11
622,690,7,14,7,7
623,724,0,17,7,10
623,724,1,19,7,12
624,724,2,19,7,12
624,724,3,20,7,13
625,724,4,16,7,9
625,724,5,17,7,10
626,724,6,20,7,13
626,724,7,14,7,7
627,758,0,21,7,14
627,758,1,18,7,11
628,758,2,14,7,7
628,758,3,18,7,11
629,758,4,19,7,12
629,758,5,19,7,12
630,758,6,15,7,8
630,758,7,15,7,8
631,792,0,21,7,14
631,792,1,15,7,8
632,792,2,15,7,8
632,792,3,14,7,7
633,792,4,18,7,11
633,792,5,15,7,8
634,792,6,19,7,12
634,792,7,16,7,9
635,826,0,17,7,10
635,826,1,17,7,10
636,826,2,21,7,14
636,826,3,14,7,7
637,826,4,20,7,13
637,826,5,18,7,11
638,826,6,17,7,10
638,826,7,20,7,13
639,860,0,16,7,9
639,860,1,15,7,8
640,860,2,16,7,9
640,860,3,21,7,14
641,860,4,17,7,10
641,860,5,20,7,13
642,860,6,17,7,10
642,860,7,20,7,13
643,894,0,16,7,9
643,894,1,16,7,9
644,894,2,16,7,9
644,894,3,14,7,7
645,894,4,16,7,9
645,894,5,14,7,7
646,894,6,16,7,9
646,894,7,16,7,9
647,928,0,21,7,14
647,928,1,16,7,9
648,928,2,18,7,11
648,928,3,20,7,13
649,928,4,15,7,8
649,928,5,21,7,14
650,928,6,20,7,13
650,928,7,20,7,13
651,962,0,21,7,14
651,962,1,15,7,8
652,962,2,19,7,12
652,962,3,21,7,14
653,962,4,20,7,13
653,962,5,17,7,10
654,962,6,18,7,11
654,962,7,16,7,9
655,996,0,18,7,11
655,996,1,15,7,8
656,996,2,17,7,10
656,996,3,21,7,14
657,996,4,20,7,13
657,996,5,17,7,10
658,996,6,18,7,11
658,996,7,18,7,11
659,1030,0,21,7,14
659,1030,1,15,7,8
660,1030,2,14,7,7
660,1030,3,19,7,12
661,1030,4,19,7,12
661,1030,5,19,7,12
662,1030,6,15,7,8
662,1030,7,19,7,12
663,1064,0,14,7,7
663,1064,1,17,7,10
664,1064,2,19,7,12
664,1064,3,21,7,14
665,1064,4,19,7,12
665,1064,5,17,7,10
666,1064,6,18,7,11
666,1064,7,16,7,9
667,1098,0,14,7,7
667,1098,1,21,7,14
668,1098,2,18,7,11
668,1098,3,15,7,8
669,1098,4,18,7,11
669,1098,5,19,7,12
670,1098,6,18,7,11
670,1098,7,21,7,14
671,1132,0,17,7,10
671,1132,1,19,7,12
672,1132,2,16,7,9
672,1132,3,21,7,14
673,1132,4,21,7,14
673,1132,5,17,7,10
674,1132,6,21,7,14
674,1132,7,18,7,11
675,78,0,34,7,27
675,78,1,25,7,18
676,78,2,37,7,30
676,78,3,25,7,18
677,78,4,33,7,26
677,78,5,33,7,26
678,78,6,31,7,24
678,78,7,33,7,26
679,112,0,22,7,15
679,112,1,27,7,20
680,112,2,34,7,27
680,112,3,29,7,22
681,112,4,35,7,28
681,112,5,28,7,21
682,112,6,29,7,22
682,112,7,37,7,30
683,146,0,34,7,27
683,146,1,23,7,16
684,146,2,22,7,15
684,146,3,24,7,17
685,146,4,37,7,30
685,146,5,29,7,22
686,146,6,24,7,17
686,146,7,24,7,17
687,180,0,37,7,30
687,180,1,28,7,21
688,180,2,22,7,15
688,180,3,35,7,28
689,180,4,34,7,27
689,180,5,31,7,24
690,180,6,24,7,17
690,180,7,24,7,17
691,214,0,29,7,22
691,214,1,35,7,28
692,214,2,27,7,20
692,214,3,35,7,28
693,214,4,26,7,19
693,214,5,23,7,16
694,214,6,34,7,27
694,214,7,35,7,28
695,248,0,34,7,27
695,248,1,23,7,16
696,248,2,25,7,18
696,248,3,33,7,26
697,248,4,31,7,24
697,248,5,33,7,26
698,248,6,22,7,15
698,248,7,29,7,22
699,282,0,29,7,22
699,282,1,30,7,23
700,282,2,28,7,21
700,282,3,34,7,27
701,282,4,37,7,30
701,282,5,36,7,29
702,282,6,23,7,16
702,282,7,23,7,16
703,316,0,37,7,30
703,316,1,30,7,23
704,316,2,29,7,22
704,316,3,22,7,15
705,316,4,31,7,24
705,316,5,35,7,28
706,316,6,36,7,29
706,316,7,34,7,27
707,350,0,34,7,27
707,350,1,24,7,17
708,350,2,31,7,24
708,350,3,28,7,21
709,350,4,29,7,22
709,350,5,34,7,27
710,350,6,33,7,26
710,350,7,26,7,19
711,384,0,36,7,29
711,384,1,22,7,15
712,384,2,28,7,21
712,384,3,28,7,21
713,384,4,37,7,30
713,384,5,33,7,26
714,384,6,28,7,21
714,384,7,28,7,21
715,418,0,25,7,18
715,418,1,28,7,21
716,418,2,32,7,25
716,418,3,30,7,23
717,418,4,27,7,20
717,418,5,22,7,15
718,418,6,34,7,27
718,418,7,28,7,21
719,452,0,31,7,24
719,452,1,33,7,26
720,452,2,25,7,18
720,452,3,26,7,19
721,452,4,30,7,23
721,452,5,25,7,18
722,452,6,28,7,21
722,452,7,23,7,16
723,486,0,26,7,19
723,486,1,37,7,30
724,486,2,32,7,25
724,486,3,36,7,29
725,486,4,26,7,19
725,486,5,26,7,19
726,486,6,30,7,23
726,486,7,33,7,26
727,520,0,31,7,24
727,520,1,34,7,27
728,520,2,26,7,19
728,520,3,24,7,17
729,520,4,22,7,15
729,520,5,25,7,18
730,520,6,23,7,16
730,520,7,31,7,24
731,554,0,36,7,29
731,554,1,31,7,24
732,554,2,31,7,24
732,554,3,37,7,30
733,554,4,29,7,22
733,554,5,30,7,23
734,554,6,35,7,28
734,554,7,31,7,24
735,588,0,33,7,26
735,588,1,34,7,27
736,588,2,30,7,23
736,588,3,29,7,22
737,588,4,34,7,27
737,588,5,32,7,25
738,588,6,22,7,15
738,588,7,35,7,28
739,622,0,37,7,30
739,622,1,37,7,30
740,622,2,31,7,24
740,622,3,23,7,16
741,622,4,34,7,27
741,622,5,36,7,29
742,622,6,29,7,22
742,622,7,22,7,15
743,656,0,37,7,30
743,656,1,25,7,18
744,656,2,32,7,25
744,656,3,36,7,29
745,656,4,26,7,19
745,656,5,25,7,18
746,656,6,37,7,30
746,656,7,25,7,18
747,690,0,35,7,28
747,690,1,34,7,27
748,690,2,25,7,18
748,690,3,29,7,22
749,690,4,23,7,16
749,690,5,26,7,19
750,690,6,30,7,23
750,690,7,23,7,16
751,724,0,29,7,22
751,724,1,32,7,25
752,724,2,32,7,25
752,724,3,35,7,28
753,724,4,26,7,19
753,724,5,28,7,21
754,724,6,35,7,28
754,724,7,22,7,15
755,758,0,37,7,30
755,758,1,30,7,23
756,758,2,23,7,16
756,758,3,31,7,24
757,758,4,32,7,25
757,758,5,32,7,25
758,758,6,24,7,17
758,758,7,25,7,18
759,792,0,37,7,30
759,792,1,24,7,17
760,792,2,25,7,18
760,792,3,22,7,15
761,792,4,30,7,23
761,792,5,24,7,17
762,792,6,33,7,26
762,792,7,26,7,19
763,826,0,28,7,21
763,826,1,29,7,22
764,826,2,36,7,29
764,826,3,22,7,15
765,826,4,34,7,27
765,826,5,31,7,24
766,826,6,28,7,21
766,826,7,35,7,28
767,860,0,27,7,20
767,860,1,25,7,18
768,860,2,26,7,19
768,860,3,36,7,29
769,860,4,28,7,21
769,860,5,34,7,27
770,860,6,29,7,22
770,860,7,35,7,28
771,894,0,27,7,20
771,894,1,26,7,19
772,894,2,27,7,20
772,894,3,23,7,16
773,894,4,26,7,19
773,894,5,22,7,15
774,894,6,26,7,19
774,894,7,27,7,20
775,928,0,36,7,29
775,928,1,26,7,19
776,928,2,31,7,24
776,928,3,34,7,27
777,928,4,25,7,18
777,928,5,36,7,29
778,928,6,35,7,28
778,928,7,35,7,28
779,962,0,36,7,29
779,962,1,25,7,18
780,962,2,32,7,25
780,962,3,37,7,30
781,962,4,34,7,27
781,962,5,28,7,21
782,962,6,30,7,23
782,962,7,26,7,19
783,996,0,31,7,24
783,996,1,25,7,18
784,996,2,28,7,21
784,996,3,36,7,29
785,996,4,34,7,27
785,996,5,29,7,22
786,996,6,30,7,23
786,996,7,31,7,24
787,1030,0,36,7,29
787,1030,1,25,7,18
788,1030,2,23,7,16
788,1030,3,33,7,26
789,1030,4,33,7,26
789,1030,5,32,7,25
790,1030,6,24,7,17
790,1030,7,33,7,26
791,1064,0,22,7,15
791,1064,1,29,7,22
792,1064,2,32,7,25
792,1064,3,36,7,29
793,1064,4,32,7,25
793,1064,5,28,7,21
794,1064,6,30,7,23
794,1064,7,27,7,20
795,1098,0,23,7,16
795,1098,1,37,7,30
796,1098,2,30,7,23
796,1098,3,25,7,18
797,1098,4,31,7,24
797,1098,5,33,7,26
798,1098,6,31,7,24
798,1098,7,36,7,29
799,1132,0,29,7,22
799,1132,1,33,7,26
800,1132,2,27,7,20
800,1132,3,36,7,29
801,1132,4,37,7,30
801,1132,5,28,7,21
802,1132,6,37,7,30
802,1132,7,30,7,23
803,78,0,63,7,56
803,78,1,44,7,37
804,78,2,69,7,62
804,78,3,45,7,38
805,78,4,61,7,54
805,78,5,60,7,53
806,78,6,56,7,49
806,78,7,60,7,53
807,112,0,38,7,31
807,112,1,48,7,41
808,112,2,62,7,55
808,112,3,53,7,46
809,112,4,64,7,57
809,112,5,50,7,43
810,112,6,52,7,45
810,112,7,68,7,61
811,146,0,62,7,55
811,146,1,41,7,34
812,146,2,38,7,31
812,146,3,42,7,35
813,146,4,68,7,61
813,146,5,53,7,46
814,146,6,42,7,35
814,146,7,42,7,35
815,180,0,68,7,61
815,180,1,50,7,43
816,180,2,38,7,31
816,180,3,64,7,57
817,180,4,63,7,56
817,180,5,57,7,50
818,180,6,43,7,36
818,180,7,43,7,36
819,214,0,52,7,45
819,214,1,65,7,58
820,214,2,49,7,42
820,214,3,65,7,58
821,214,4,46,7,39
821,214,5,40,7,33
822,214,6,62,7,55
822,214,7,65,7,58
823,248,0,63,7,56
823,248,1,40,7,33
824,248,2,44,7,37
824,248,3,60,7,53
825,248,4,57,7,50
825,248,5,61,7,54
826,248,6,39,7,32
826,248,7,53,7,46
827,282,0,52,7,45
827,282,1,54,7,47
828,282,2,51,7,44
828,282,3,63,7,56
829,282,4,68,7,61
829,282,5,66,7,59
830,282,6,40,7,33
830,282,7,41,7,34
831,316,0,68,7,61
831,316,1,55,7,48
832,316,2,52,7,45
832,316,3,38,7,31
833,316,4,56,7,49
833,316,5,65,7,58
834,316,6,67,7,60
834,316,7,63,7,56
835,350,0,62,7,55
835,350,1,43,7,36
836,350,2,57,7,50
836,350,3,51,7,44
837,350,4,52,7,45
837,350,5,62,7,55
838,350,6,61,7,54
838,350,7,47,7,40
839,384,0,67,7,60
839,384,1,39,7,32
840,384,2,50,7,43
840,384,3,50,7,43
841,384,4,68,7,61
841,384,5,61,7,54
842,384,6,50,7,43
842,384,7,50,7,43
843,418,0,44,7,37
843,418,1,50,7,43
844,418,2,59,7,52
844,418,3,55,7,48
845,418,4,49,7,42
845,418,5,39,7,32
846,418,6,62,7,55
846,418,7,51,7,44
847,452,0,57,7,50
847,452,1,61,7,54
848,452,2,45,7,38
848,452,3,47,7,40
849,452,4,55,7,48
849,452,5,45,7,38
850,452,6,50,7,43
850,452,7,41,7,34
851,486,0,47,7,40
851,486,1,69,7,62
852,486,2,58,7,51
852,486,3,66,7,59
853,486,4,47,7,40
853,486,5,46,7,39
854,486,6,54,7,47
854,486,7,61,7,54
855,520,0,56,7,49
855,520,1,63,7,56
856,520,2,46,7,39
856,520,3,43,7,36
857,520,4,39,7,32
857,520,5,44,7,37
858,520,6,41,7,34
858,520,7,56,7,49
859,554,0,66,7,59
859,554,1,57,7,50
860,554,2,56,7,49
860,554,3,69,7,62
861,554,4,52,7,45
861,554,5,55,7,48
862,554,6,64,7,57
862,554,7,57,7,50
863,588,0,61,7,54
863,588,1,62,7,55
864,588,2,55,7,48
864,588,3,53,7,46
865,588,4,63,7,56
865,588,5,58,7,51
866,588,6,38,7,31
866,588,7,65,7,58
867,622,0,69,7,62
867,622,1,68,7,61
868,622,2,57,7,50
868,622,3,41,7,34
869,622,4,62,7,55
869,622,5,66,7,59
870,622,6,52,7,45
870,622,7,39,7,32
871,656,0,69,7,62
871,656,1,44,7,37
872,656,2,58,7,51
872,656,3,67,7,60
873,656,4,46,7,39
873,656,5,44,7,37
874,656,6,68,7,61
874,656,7,45,7,38
875,690,0,65,7,58
875,690,1,63,7,56
876,690,2,45,7,38
876,690,3,52,7,45
877,690,4,40,7,33
877,690,5,46,7,39
878,690,6,55,7,48
878,690,7,40,7,33
879,724,0,53,7,46
879,724,1,59,7,52
880,724,2,58,7,51
880,724,3,65,7,58
881,724,4,47,7,40
881,724,5,51,7,44
882,724,6,64,7,57
882,724,7,38,7,31
883,758,0,69,7,62
883,758,1,55,7,48
884,758,2,40,7,33
884,758,3,57,7,50
885,758,4,58,7,51
885,758,5,58,7,51
886,758,6,42,7,35
886,758,7,44,7,37
887,792,0,69,7,62
887,792,1,42,7,35
888,792,2,44,7,37
888,792,3,39,7,32
889,792,4,55,7,48
889,792,5,43,7,36
890,792,6,61,7,54
890,792,7,47,7,40
891,826,0,50,7,43
891,826,1,53,7,46
892,826,2,67,7,60
892,826,3,38,7,31
893,826,4,63,7,56
893,826,5,57,7,50
894,826,6,50,7,43
894,826,7,64,7,57
895,860,0,48,7,41
895,860,1,45,7,38
896,860,2,46,7,39
896,860,3,67,7,60
897,860,4,50,7,43
897,860,5,63,7,56
898,860,6,52,7,45
898,860,7,65,7,58
899,894,0,49,7,42
899,894,1,47,7,40
900,894,2,49,7,42
900,894,3,40,7,33
901,894,4,46,7,39
901,894,5,38,7,31
902,894,6,46,7,39
902,894,7,49,7,42
903,928,0,67,7,60
903,928,1,46,7,39
904,928,2,57,7,50
904,928,3,63,7,56
905,928,4,44,7,37
905,928,5,66,7,59
906,928,6,64,7,57
906,928,7,64,7,57
907,962,0,67,7,60
907,962,1,44,7,37
908,962,2,59,7,52
908,962,3,69,7,62
909,962,4,63,7,56
909,962,5,50,7,43
910,962,6,54,7,47
910,962,7,47,7,40
911,996,0,56,7,49
911,996,1,44,7,37
912,996,2,50,7,43
912,996,3,67,7,60
913,996,4,62,7,55
913,996,5,52,7,45
914,996,6,55,7,48
914,996,7,56,7,49
915,1030,0,66,7,59
915,1030,1,45,7,38
916,1030,2,41,7,34
916,1030,3,60,7,53
917,1030,4,61,7,54
917,1030,5,59,7,52
918,1030,6,42,7,35
918,1030,7,61,7,54
919,1064,0,38,7,31
919,1064,1,53,7,46
920,1064,2,58,7,51
920,1064,3,66,7,59
921,1064,4,58,7,51
921,1064,5,51,7,44
922,1064,6,55,7,48
922,1064,7,48,7,41
923,1098,0,40,7,33
923,1098,1,69,7,62
924,1098,2,55,7,48
924,1098,3,45,7,38
925,1098,4,56,7,49
925,1098,5,60,7,53
926,1098,6,56,7,49
926,1098,7,66,7,59
927,1132,0,53,7,46
927,1132,1,60,7,53
928,1132,2,49,7,42
928,1132,3,66,7,59
929,1132,4,68,7,61
929,1132,5,51,7,44
930,1132,6,69,7,62
930,1132,7,55,7,48
931,78,0,121,7,114
931,78,1,82,7,75
932,78,2,132,7,125
932,78,3,84,7,77
933,78,4,116,7,109
933,78,5,115,7,108
934,78,6,106,7,99
934,78,7,115,7,108
935,112,0,71,7,64
935,112,1,90,7,83
936,112,2,119,7,112
936,112,3,101,7,94
937,112,4,122,7,115
937,112,5,94,7,87
938,112,6,99,7,92
938,112,7,130,7,123
939,146,0,118,7,111
939,146,1,77,7,70
940,146,2,71,7,64
940,146,3,78,7,71
941,146,4,130,7,123
941,146,5,100,7,93
942,146,6,78,7,71
942,146,7,79,7,72
943,180,0,130,7,123
943,180,1,95,7,88
944,180,2,70,7,63
944,180,3,123,7,116
945,180,4,120,7,113
945,180,5,109,7,102
946,180,6,80,7,73
946,180,7,80,7,73
947,214,0,99,7,92
947,214,1,124,7,117
948,214,2,93,7,86
948,214,3,125,7,118
949,214,4,86,7,79
949,214,5,75,7,68
950,214,6,119,7,112
950,214,7,125,7,118
951,248,0,121,7,114
951,248,1,75,7,68
952,248,2,82,7,75
952,248,3,115,7,108
953,248,4,108,7,101
953,248,5,117,7,110
954,248,6,73,7,66
954,248,7,101,7,94
955,282,0,98,7,91
955,282,1,103,7,96
956,282,2,97,7,90
956,282,3,121,7,114
957,282,4,130,7,123
957,282,5,126,7,119
958,282,6,74,7,67
958,282,7,77,7,70
959,316,0,131,7,124
959,316,1,105,7,98
960,316,2,98,7,91
960,316,3,70,7,63
961,316,4,107,7,100
961,316,5,125,7,118
962,316,6,128,7,121
962,316,7,120,7,113
963,350,0,119,7,112
963,350,1,81,7,74
964,350,2,109,7,102
964,350,3,97,7,90
965,350,4,98,7,91
965,350,5,118,7,111
966,350,6,117,7,110
966,350,7,88,7,81
967,384,0,129,7,122
967,384,1,73,7,66
968,384,2,94,7,87
968,384,3,94,7,87
969,384,4,131,7,124
969,384,5,116,7,109
970,384,6,94,7,87
970,384,7,94,7,87
971,418,0,83,7,76
971,418,1,95,7,88
972,418,2,113,7,106
972,418,3,104,7,97
973,418,4,92,7,85
973,418,5,73,7,66
974,418,6,119,7,112
974,418,7,97,7,90
975,452,0,108,7,101
975,452,1,116,7,109
976,452,2,85,7,78
976,452,3,89,7,82
977,452,4,105,7,98
977,452,5,84,7,77
978,452,6,94,7,87
978,452,7,77,7,70
979,486,0,89,7,82
979,486,1,133,7,126
980,486,2,110,7,103
980,486,3,127,7,120
981,486,4,89,7,82
981,486,5,86,7,79
982,486,6,103,7,96
982,486,7,117,7,110
983,520,0,107,7,100
983,520,1,120,7,113
984,520,2,86,7,79
984,520,3,80,7,73
985,520,4,73,7,66
985,520,5,82,7,75
986,520,6,77,7,70
986,520,7,106,7,99
987,554,0,126,7,119
987,554,1,109,7,102
988,554,2,106,7,99
988,554,3,133,7,126
989,554,4,98,7,91
989,554,5,104,7,97
990,554,6,123,7,116
990,554,7,109,7,102
991,588,0,116,7,109
991,588,1,119,7,112
992,588,2,104,7,97
992,588,3,101,7,94
993,588,4,120,7,113
993,588,5,111,7,104
994,588,6,71,7,64
994,588,7,124,7,117
995,622,0,132,7,125
995,622,1,130,7,123
996,622,2,109,7,102
996,622,3,76,7,69
997,622,4,119,7,112
997,622,5,127,7,120
998,622,6,99,7,92
998,622,7,73,7,66
999,656,0,133,7,126
999,656,1,82,7,75
1000,656,2,111,7,104
1000,656,3,129,7,122
1001,656,4,86,7,79
1001,656,5,83,7,76
1002,656,6,131,7,124
1002,656,7,84,7,77
1003,690,0,124,7,117
1003,690,1,121,7,114
1004,690,2,84,7,77
1004,690,3,99,7,92
1005,690,4,74,7,67
1005,690,5,87,7,80
1006,690,6,104,7,97
1006,690,7,75,7,68
1007,724,0,101,7,94
1007,724,1,113,7,106
1008,724,2,110,7,103
1008,724,3,125,7,118
1009,724,4,88,7,81
1009,724,5,96,7,89
1010,724,6,123,7,116
1010,724,7,70,7,63
1011,758,0,132,7,125
1011,758,1,104,7,97
1012,758,2,75,7,68
1012,758,3,109,7,102
1013,758,4,110,7,103
1013,758,5,111,7,104
1014,758,6,78,7,71
1014,758,7,82,7,75
1015,792,0,132,7,125
1015,792,1,79,7,72
1016,792,2,82,7,75
1016,792,3,73,7,66
1017,792,4,104,7,97
1017,792,5,80,7,73
1018,792,6,116,7,109
1018,792,7,88,7,81
1019,826,0,95,7,88
1019,826,1,100,7,93
1020,826,2,128,7,121
1020,826,3,71,7,64
1021,826,4,120,7,113
1021,826,5,109,7,102
1022,826,6,95,7,88
1022,826,7,122,7,115
1023,860,0,91,7,84
1023,860,1,85,7,78
1024,860,2,87,7,80
1024,860,3,128,7,121
1025,860,4,95,7,88
1025,860,5,121,7,114
1026,860,6,98,7,91
1026,860,7,125,7,118
1027,894,0,92,7,85
1027,894,1,88,7,81
1028,894,2,92,7,85
1028,894,3,74,7,67
1029,894,4,86,7,79
1029,894,5,70,7,63
1030,894,6,86,7,79
1030,894,7,93,7,86
1031,928,0,128,7,121
1031,928,1,86,7,79
1032,928,2,109,7,102
1032,928,3,121,7,114
1033,928,4,82,7,75
1033,928,5,126,7,119
1034,928,6,122,7,115
1034,928,7,122,7,115
1035,962,0,129,7,122
1035,962,1,83,7,76
1036,962,2,112,7,105
1036,962,3,132,7,125
1037,962,4,120,7,113
1037,962,5,94,7,87
1038,962,6,102,7,95
1038,962,7,89,7,82
1039,996,0,107,7,100
1039,996,1,82,7,75
1040,996,2,95,7,88
1040,996,3,128,7,121
1041,996,4,119,7,112
1041,996,5,99,7,92
1042,996,6,105,7,98
1042,996,7,106,7,99
1043,1030,0,127,7,120
1043,1030,1,84,7,77
1044,1030,2,76,7,69
1044,1030,3,114,7,107
1045,1030,4,116,7,109
1045,1030,5,113,7,106
1046,1030,6,79,7,72
1046,1030,7,117,7,110
1047,1064,0,71,7,64
1047,1064,1,101,7,94
1048,1064,2,110,7,103
1048,1064,3,127,7,120
1049,1064,4,111,7,104
1049,1064,5,97,7,90
1050,1064,6,104,7,97
1050,1064,7,90,7,83
1051,1098,0,75,7,68
1051,1098,1,133,7,126
1052,1098,2,105,7,98
1052,1098,3,85,7,78
1053,1098,4,107,7,100
1053,1098,5,115,7,108
1054,1098,6,106,7,99
1054,1098,7,127,7,120
1055,1132,0,100,7,93
1055,1132,1,115,7,108
1056,1132,2,93,7,86
1056,1132,3,127,7,120
1057,1132,4,130,7,123
1057,1132,5,97,7,90
1058,1132,6,133,7,126
1058,1132,7,105,7,98
1059,78,0,237,7,230
1059,78,1,159,7,152
1060,78,2,258,7,251
1060,78,3,162,7,155
1061,78,4,227,7,220
1061,78,5,225,7,218
1062,78,6,207,7,200
1062,78,7,225,7,218
1063,112,0,137,7,130
1063,112,1,175,7,168
1064,112,2,232,7,225
1064,112,3,196,7,189
1065,112,4,238,7,231
1065,112,5,183,7,176
1066,112,6,192,7,185
1066,112,7,255,7,248
1067,146,0,231,7,224
1067,146,1,149,7,142
1068,146,2,136,7,129
1068,146,3,151,7,144
1069,146,4,255,7,248
1069,146,5,194,7,187
1070,146,6,150,7,143
1070,146,7,153,7,146
1071,180,0,255,7,248
1071,180,1,184,7,177
1072,180,2,135,7,128
1072,180,3,241,7,234
1073,180,4,235,7,228
1073,180,5,213,7,206
1074,180,6,155,7,148
1074,180,7,154,7,147
1075,214,0,192,7,185
1075,214,1,242,7,235
1076,214,2,180,7,173
1076,214,3,244,7,237
1077,214,4,166,7,159
1077,214,5,145,7,138
1078,214,6,232,7,225
1078,214,7,245,7,238
1079,248,0,236,7,229
1079,248,1,144,7,137
1080,248,2,159,7,152
1080,248,3,225,7,218
1081,248,4,210,7,203
1081,248,5,229,7,222
1082,248,6,141,7,134
1082,248,7,197,7,190
1083,282,0,190,7,183
1083,282,1,200,7,193
1084,282,2,189,7,182
1084,282,3,236,7,229
1085,282,4,254,7,247
1085,282,5,247,7,240
1086,282,6,143,7,136
1086,282,7,148,7,141
1087,316,0,257,7,250
1087,316,1,204,7,197
1088,316,2,191,7,184
1088,316,3,135,7,128
1089,316,4,208,7,201
1089,316,5,244,7,237
1090,316,6,251,7,244
1090,316,7,234,7,227
1091,350,0,233,7,226
1091,350,1,156,7,149
1092,350,2,212,7,205
1092,350,3,188,7,181
1093,350,4,190,7,183
1093,350,5,230,7,223
1094,350,6,228,7,221
1094,350,7,170,7,163
1095,384,0,252,7,245
1095,384,1,141,7,134
1096,384,2,182,7,175
1096,384,3,182,7,175
1097,384,4,256,7,249
1097,384,5,226,7,219
1098,384,6,182,7,175
1098,384,7,183,7,176
1099,418,0,161,7,154
1099,418,1,185,7,178
1100,418,2,220,7,213
1100,418,3,202,7,195
1101,418,4,178,7,171
1101,418,5,141,7,134
1102,418,6,232,7,225
1102,418,7,188,7,181
1103,452,0,210,7,203
1103,452,1,227,7,220
1104,452,2,164,7,157
1104,452,3,172,7,165
1105,452,4,204,7,197
1105,452,5,162,7,155
1106,452,6,183,7,176
1106,452,7,148,7,141
1107,486,0,173,7,166
1107,486,1,261,7,254
1108,486,2,214,7,207
1108,486,3,248,7,241
1109,486,4,173,7,166
1109,486,5,166,7,159
1110,486,6,201,7,194
1110,486,7,228,7,221
1111,520,0,208,7,201
1111,520,1,234,7,227
1112,520,2,166,7,159
1112,520,3,155,7,148
1113,520,4,141,7,134
1113,520,5,159,7,152
1114,520,6,148,7,141
1114,520,7,206,7,199
1115,554,0,247,7,240
1115,554,1,212,7,205
1116,554,2,207,7,200
1116,554,3,260,7,253
1117,554,4,191,7,184
1117,554,5,202,7,195
1118,554,6,241,7,234
1118,554,7,212,7,205
1119,588,0,226,7,219
1119,588,1,233,7,226
1120,588,2,202,7,195
1120,588,3,196,7,189
1121,588,4,234,7,227
1121,588,5,216,7,209
1122,588,6,137,7,130
1122,588,7,242,7,235
1123,622,0,258,7,251
1123,622,1,255,7,248
1124,622,2,212,7,205
1124,622,3,147,7,140
1125,622,4,233,7,226
1125,622,5,249,7,242
1126,622,6,193,7,186
1126,622,7,141,7,134
1127,656,0,261,7,254
1127,656,1,159,7,152
1128,656,2,216,7,209
1128,656,3,253,7,246
1129,656,4,167,7,160
1129,656,5,161,7,154
1130,656,6,256,7,249
1130,656,7,162,7,155
1131,690,0,242,7,235
1131,690,1,237,7,230
1132,690,2,162,7,155
1132,690,3,193,7,186
1133,690,4,143,7,136
1133,690,5,169,7,162
1134,690,6,203,7,196
1134,690,7,144,7,137
1135,724,0,196,7,189
1135,724,1,221,7,214
1136,724,2,215,7,208
1136,724,3,244,7,237
1137,724,4,170,7,163
1137,724,5,187,7,180
1138,724,6,241,7,234
1138,724,7,134,7,127
1139,758,0,259,7,252
1139,758,1,203,7,196
1140,758,2,145,7,138
1140,758,3,212,7,205
1141,758,4,214,7,207
1141,758,5,216,7,209
1142,758,6,151,7,144
1142,758,7,159,7,152
1143,792,0,259,7,252
1143,792,1,153,7,146
1144,792,2,158,7,151
1144,792,3,141,7,134
1145,792,4,203,7,196
1145,792,5,155,7,148
1146,792,6,227,7,220
1146,792,7,171,7,164
1147,826,0,184,7,177
1147,826,1,194,7,187
1148,826,2,250,7,243
1148,826,3,136,7,129
1149,826,4,235,7,228
1149,826,5,212,7,205
1150,826,6,184,7,177
1150,826,7,238,7,231
1151,860,0,176,7,169
1151,860,1,164,7,157
1152,860,2,169,7,162
1152,860,3,251,7,244
1153,860,4,184,7,177
1153,860,5,236,7,229
1154,860,6,190,7,183
1154,860,7,244,7,237
1155,894,0,178,7,171
1155,894,1,170,7,163
1156,894,2,178,7,171
1156,894,3,143,7,136
1157,894,4,167,7,160
1157,894,5,134,7,127
1158,894,6,167,7,160
1158,894,7,180,7,173
1159,928,0,250,7,243
1159,928,1,166,7,159
1160,928,2,213,7,206
1160,928,3,237,7,230
1161,928,4,159,7,152
1161,928,5,246,7,239
1162,928,6,239,7,232
1162,928,7,238,7,231
1163,962,0,253,7,246
1163,962,1,160,7,153
1164,962,2,219,7,212
1164,962,3,259,7,252
1165,962,4,235,7,228
1165,962,5,183,7,176
1166,962,6,198,7,191
1166,962,7,172,7,165
1167,996,0,209,7,202
1167,996,1,158,7,151
1168,996,2,184,7,177
1168,996,3,250,7,243
1169,996,4,233,7,226
1169,996,5,193,7,186
1170,996,6,205,7,198
1170,996,7,206,7,199
1171,1030,0,249,7,242
1171,1030,1,162,7,155
1172,1030,2,146,7,139
1172,1030,3,222,7,215
1173,1030,4,227,7,220
1173,1030,5,220,7,213
1174,1030,6,152,7,145
1174,1030,7,229,7,222
1175,1064,0,137,7,130
1175,1064,1,196,7,189
1176,1064,2,215,7,208
1176,1064,3,249,7,242
1177,1064,4,217,7,210
1177,1064,5,188,7,181
1178,1064,6,202,7,195
1178,1064,7,175,7,168
1179,1098,0,145,7,138
1179,1098,1,261,7,254
1180,1098,2,205,7,198
1180,1098,3,164,7,157
1181,1098,4,209,7,202
1181,1098,5,224,7,217
1182,1098,6,206,7,199
1182,1098,7,249,7,242
1183,1132,0,194,7,187
1183,1132,1,224,7,217
1184,1132,2,180,7,173
1184,1132,3,249,7,242
1185,1132,4,254,7,247
1185,1132,5,189,7,182
1186,1132,6,261,7,254
1186,1132,7,205,7,198
1187,78,0,469,7,462
1187,78,1,313,7,306
1188,78,2,511,7,504
1188,78,3,319,7,312
1189,78,4,448,7,441
1189,78,5,445,7,438
1190,78,6,408,7,401
1190,78,7,445,7,438
1191,112,0,268,7,261
1191,112,1,344,7,337
1192,112,2,459,7,452
1192,112,3,387,7,380
1193,112,4,471,7,464
1193,112,5,360,7,353
1194,112,6,378,7,371
1194,112,7,504,7,497
1195,146,0,456,7,449
1195,146,1,292,7,285
1196,146,2,266,7,259
1196,146,3,297,7,290
1197,146,4,504,7,497
1197,146,5,382,7,375
1198,146,6,295,7,288
1198,146,7,301,7,294
1199,180,0,505,7,498
1199,180,1,363,7,356
1200,180,2,265,7,258
1200,180,3,476,7,469
1201,180,4,464,7,457
1201,180,5,420,7,413
1202,180,6,305,7,298
1202,180,7,303,7,296
1203,214,0,378,7,371
1203,214,1,478,7,471
1204,214,2,355,7,348
1204,214,3,483,7,476
1205,214,4,326,7,319
1205,214,5,284,7,277
1206,214,6,458,7,451
1206,214,7,485,7,478
1207,248,0,466,7,459
1207,248,1,282,7,275
1208,248,2,312,7,305
1208,248,3,445,7,438
1209,248,4,415,7,408
1209,248,5,453,7,446
1210,248,6,276,7,269
1210,248,7,388,7,381
1211,282,0,374,7,367
1211,282,1,394,7,387
1212,282,2,372,7,365
1212,282,3,466,7,459
1213,282,4,502,7,495
1213,282,5,489,7,482
1214,282,6,280,7,273
1214,282,7,291,7,284
1215,316,0,508,7,501
1215,316,1,402,7,395
1216,316,2,376,7,369
1216,316,3,264,7,257
1217,316,4,410,7,403
1217,316,5,482,7,475
1218,316,6,496,7,489
1218,316,7,462,7,455
1219,350,0,461,7,454
1219,350,1,307,7,300
1220,350,2,418,7,411
1220,350,3,370,7,363
1221,350,4,375,7,368
1221,350,5,455,7,448
1222,350,6,451,7,444
1222,350,7,335,7,328
1223,384,0,499,7,492
1223,384,1,276,7,269
1224,384,2,359,7,352
1224,384,3,358,7,351
1225,384,4,507,7,500
1225,384,5,447,7,440
1226,384,6,358,7,351
1226,384,7,361,7,354
1227,418,0,316,7,309
1227,418,1,365,7,358
1228,418,2,434,7,427
1228,418,3,399,7,392
1229,418,4,351,7,344
1229,418,5,276,7,269
1230,418,6,459,7,452
1230,418,7,371,7,364
1231,452,0,415,7,408
1231,452,1,448,7,441
1232,452,2,322,7,315
1232,452,3,338,7,331
1233,452,4,402,7,395
1233,452,5,318,7,311
1234,452,6,360,7,353
1234,452,7,291,7,284
1235,486,0,341,7,334
1235,486,1,517,7,510
1236,486,2,422,7,415
1236,486,3,490,7,483
1237,486,4,340,7,333
1237,486,5,327,7,320
1238,486,6,396,7,389
1238,486,7,451,7,444
1239,520,0,410,7,403
1239,520,1,462,7,455
1240,520,2,326,7,319
1240,520,3,305,7,298
1241,520,4,276,7,269
1241,520,5,313,7,306
1242,520,6,290,7,283
1242,520,7,407,7,400
1243,554,0,489,7,482
1243,554,1,418,7,411
1244,554,2,409,7,402
1244,554,3,514,7,507
1245,554,4,377,7,370
1245,554,5,398,7,391
1246,554,6,477,7,470
1246,554,7,418,7,411
1247,588,0,447,7,440
1247,588,1,461,7,454
1248,588,2,399,7,392
1248,588,3,387,7,380
1249,588,4,463,7,456
1249,588,5,426,7,419
1250,588,6,268,7,261
1250,588,7,478,7,471
1251,622,0,510,7,503
1251,622,1,504,7,497
1252,622,2,418,7,411
1252,622,3,288,7,281
1253,622,4,460,7,453
1253,622,5,493,7,486
1254,622,6,380,7,373
1254,622,7,277,7,270
1255,656,0,516,7,509
1255,656,1,313,7,306
1256,656,2,426,7,419
1256,656,3,500,7,493
1257,656,4,328,7,321
1257,656,5,316,7,309
1258,656,6,506,7,499
1258,656,7,319,7,312
1259,690,0,479,7,472
1259,690,1,469,7,462
1260,690,2,319,7,312
1260,690,3,380,7,373
1261,690,4,281,7,274
1261,690,5,332,7,325
1262,690,6,400,7,393
1262,690,7,282,7,275
1263,724,0,387,7,380
1263,724,1,436,7,429
1264,724,2,424,7,417
1264,724,3,482,7,475
1265,724,4,335,7,328
1265,724,5,369,7,362
1266,724,6,477,7,470
1266,724,7,262,7,255
1267,758,0,512,7,505
1267,758,1,401,7,394
1268,758,2,285,7,278
1268,758,3,418,7,411
1269,758,4,422,7,415
1269,758,5,426,7,419
1270,758,6,296,7,289
1270,758,7,312,7,305
1271,792,0,512,7,505
1271,792,1,301,7,294
1272,792,2,311,7,304
1272,792,3,276,7,269
1273,792,4,400,7,393
1273,792,5,305,7,298
1274,792,6,448,7,441
1274,792,7,337,7,330
1275,826,0,363,7,356
1275,826,1,382,7,375
1276,826,2,494,7,487
1276,826,3,266,7,259
1277,826,4,465,7,458
1277,826,5,418,7,411
1278,826,6,363,7,356
1278,826,7,470,7,463
1279,860,0,346,7,339
1279,860,1,322,7,315
1280,860,2,333,7,326
1280,860,3,497,7,490
1281,860,4,363,7,356
1281,860,5,466,7,459
1282,860,6,374,7,367
1282,860,7,483,7,476
1283,894,0,350,7,343
1283,894,1,334,7,327
1284,894,2,350,7,343
1284,894,3,281,7,274
1285,894,4,329,7,322
1285,894,5,262,7,255
1286,894,6,328,7,321
1286,894,7,354,7,347
1287,928,0,495,7,488
1287,928,1,326,7,319
1288,928,2,421,7,414
1288,928,3,469,7,462
1289,928,4,313,7,306
1289,928,5,487,7,480
1290,928,6,472,7,465
1290,928,7,471,7,464
1291,962,0,500,7,493
1291,962,1,315,7,308
1292,962,2,432,7,425
1292,962,3,512,7,505
1293,962,4,464,7,457
1293,962,5,360,7,353
1294,962,6,391,7,384
1294,962,7,339,7,332
1295,996,0,413,7,406
1295,996,1,311,7,304
1296,996,2,363,7,356
1296,996,3,495,7,488
1297,996,4,460,7,453
1297,996,5,381,7,374
1298,996,6,404,7,397
1298,996,7,406,7,399
1299,1030,0,493,7,486
1299,1030,1,319,7,312
1300,1030,2,286,7,279
1300,1030,3,438,7,431
1301,1030,4,448,7,441
1301,1030,5,434,7,427
1302,1030,6,298,7,291
1302,1030,7,452,7,445
1303,1064,0,269,7,262
1303,1064,1,387,7,380
1304,1064,2,425,7,418
1304,1064,3,493,7,486
1305,1064,4,428,7,421
1305,1064,5,370,7,363
1306,1064,6,398,7,391
1306,1064,7,345,7,338
1307,1098,0,284,7,277
1307,1098,1,516,7,509
1308,1098,2,404,7,397
1308,1098,3,322,7,315
1309,1098,4,412,7,405
1309,1098,5,443,7,436
1310,1098,6,406,7,399
1310,1098,7,493,7,486
1311,1132,0,383,7,376
1311,1132,1,442,7,435
1312,1132,2,354,7,347
1312,1132,3,492,7,485
1313,1132,4,503,7,496
1313,1132,5,373,7,366
1314,1132,6,516,7,509
1314,1132,7,404,7,397
1315,78,0,933,7,926
1315,78,1,621,7,614
1316,78,2,1016,7,1009
1316,78,3,632,7,625
1317,78,4,891,7,884
1317,78,5,885,7,878
1318,78,6,811,7,804
1318,78,7,884,7,877
1319,112,0,530,7,523
1319,112,1,682,7,675
1320,112,2,912,7,905
1320,112,3,769,7,762
1321,112,4,937,7,930
1321,112,5,714,7,707
1322,112,6,751,7,744
1322,112,7,1002,7,995
1323,146,0,906,7,899
1323,146,1,579,7,572
1324,146,2,526,7,519
1324,146,3,588,7,581
1325,146,4,1002,7,995
1325,146,5,759,7,752
1326,146,6,585,7,578
1326,146,7,596,7,589
1327,180,0,1005,7,998
1327,180,1,720,7,713
1328,180,2,525,7,518
1328,180,3,946,7,939
1329,180,4,922,7,915
1329,180,5,834,7,827
1330,180,6,604,7,597
1330,180,7,601,7,594
1331,214,0,750,7,743
1331,214,1,951,7,944
1332,214,2,704,7,697
1332,214,3,960,7,953
1333,214,4,647,7,640
1333,214,5,563,7,556
1334,214,6,910,7,903
1334,214,7,965,7,958
1335,248,0,927,7,920
1335,248,1,559,7,552
1336,248,2,619,7,612
1336,248,3,884,7,877
1337,248,4,825,7,818
1337,248,5,901,7,894
1338,248,6,546,7,539
1338,248,7,771,7,764
1339,282,0,742,7,735
1339,282,1,783,7,776
1340,282,2,739,7,732
1340,282,3,927,7,920
1341,282,4,998,7,991
1341,282,5,973,7,966
1342,282,6,555,7,548
1342,282,7,577,7,570
1343,316,0,1011,7,1004
1343,316,1,798,7,791
1344,316,2,746,7,739
1344,316,3,523,7,516
1345,316,4,815,7,808
1345,316,5,959,7,952
1346,316,6,986,7,979
1346,316,7,919,7,912
1347,350,0,917,7,910
1347,350,1,609,7,602
1348,350,2,831,7,824
1348,350,3,734,7,727
1349,350,4,745,7,738
1349,350,5,904,7,897
1350,350,6,896,7,889
1350,350,7,664,7,657
1351,384,0,993,7,986
1351,384,1,546,7,539
1352,384,2,712,7,705
1352,384,3,710,7,703
1353,384,4,1009,7,1002
1353,384,5,889,7,882
1354,384,6,710,7,703
1354,384,7,716,7,709
1355,418,0,626,7,619
1355,418,1,725,7,718
1356,418,2,862,7,855
1356,418,3,792,7,785
1357,418,4,696,7,689
1357,418,5,547,7,540
1358,418,6,913,7,906
1358,418,7,736,7,729
1359,452,0,825,7,818
1359,452,1,890,7,883
1360,452,2,639,7,632
1360,452,3,670,7,663
1361,452,4,798,7,791
1361,452,5,631,7,624
1362,452,6,715,7,708
1362,452,7,577,7,570
1363,486,0,676,7,669
1363,486,1,1028,7,1021
1364,486,2,839,7,832
1364,486,3,975,7,968
1365,486,4,674,7,667
1365,486,5,649,7,642
1366,486,6,787,7,780
1366,486,7,896,7,889
1367,520,0,815,7,808
1367,520,1,919,7,912
1368,520,2,647,7,640
1368,520,3,605,7,598
1369,520,4,547,7,540
1369,520,5,621,7,614
1370,520,6,574,7,567
1370,520,7,809,7,802
1371,554,0,973,7,966
1371,554,1,831,7,824
1372,554,2,813,7,806
1372,554,3,1023,7,1016
1373,554,4,748,7,741
1373,554,5,790,7,783
1374,554,6,949,7,942
1374,554,7,830,7,823
1375,588,0,889,7,882
1375,588,1,916,7,909
1376,588,2,793,7,786
1376,588,3,768,7,761
1377,588,4,920,7,913
1377,588,5,846,7,839
1378,588,6,531,7,524
1378,588,7,951,7,944
1379,622,0,1015,7,1008
1379,622,1,1003,7,996
1380,622,2,830,7,823
1380,622,3,570,7,563
1381,622,4,915,7,908
1381,622,5,981,7,974
1382,622,6,754,7,747
1382,622,7,549,7,542
1383,656,0,1027,7,1020
1383,656,1,621,7,614
1384,656,2,847,7,840
1384,656,3,994,7,987
1385,656,4,650,7,643
1385,656,5,626,7,619
1386,656,6,1007,7,1000
1386,656,7,633,7,626
1387,690,0,953,7,946
1387,690,1,933,7,926
1388,690,2,633,7,626
1388,690,3,754,7,747
1389,690,4,557,7,550
1389,690,5,659,7,652
1390,690,6,794,7,787
1390,690,7,559,7,552
1391,724,0,769,7,762
1391,724,1,867,7,860
1392,724,2,842,7,835
1392,724,3,959,7,952
1393,724,4,665,7,658
1393,724,5,732,7,725
1394,724,6,948,7,941
1394,724,7,518,7,511
1395,758,0,1018,7,1011
1395,758,1,796,7,789
1396,758,2,564,7,557
1396,758,3,830,7,823
1397,758,4,839,7,832
1397,758,5,846,7,839
1398,758,6,586,7,579
1398,758,7,619,7,612
1399,792,0,1019,7,1012
1399,792,1,597,7,590
1400,792,2,617,7,610
1400,792,3,547,7,540
1401,792,4,794,7,787
1401,792,5,605,7,598
1402,792,6,890,7,883
1402,792,7,668,7,661
1403,826,0,721,7,714
1403,826,1,759,7,752
1404,826,2,983,7,976
1404,826,3,526,7,519
1405,826,4,925,7,918
1405,826,5,831,7,824
1406,826,6,720,7,713
1406,826,7,935,7,928
1407,860,0,686,7,679
1407,860,1,639,7,632
1408,860,2,660,7,653
1408,860,3,989,7,982
1409,860,4,720,7,713
1409,860,5,927,7,920
1410,860,6,742,7,735
1410,860,7,960,7,953
1411,894,0,694,7,687
1411,894,1,662,7,655
1412,894,2,694,7,687
1412,894,3,556,7,549
1413,894,4,653,7,646
1413,894,5,519,7,512
1414,894,6,651,7,644
1414,894,7,703,7,696
1415,928,0,985,7,978
1415,928,1,647,7,640
1416,928,2,837,7,830
1416,928,3,932,7,925
1417,928,4,621,7,614
1417,928,5,969,7,962
1418,928,6,938,7,931
1418,928,7,937,7,930
1419,962,0,995,7,988
1419,962,1,625,7,618
1420,962,2,859,7,852
1420,962,3,1019,7,1012
1421,962,4,923,7,916
1421,962,5,714,7,707
1422,962,6,777,7,770
1422,962,7,672,7,665
1423,996,0,821,7,814
1423,996,1,617,7,610
1424,996,2,721,7,714
1424,996,3,985,7,978
1425,996,4,914,7,907
1425,996,5,756,7,749
1426,996,6,803,7,796
1426,996,7,807,7,800
1427,1030,0,980,7,973
1427,1030,1,632,7,625
1428,1030,2,567,7,560
1428,1030,3,870,7,863
1429,1030,4,891,7,884
1429,1030,5,863,7,856
1430,1030,6,590,7,583
1430,1030,7,898,7,891
1431,1064,0,532,7,525
1431,1064,1,769,7,762
1432,1064,2,845,7,838
1432,1064,3,981,7,974
1433,1064,4,850,7,843
1433,1064,5,734,7,727
1434,1064,6,791,7,784
1434,1064,7,685,7,678
1435,1098,0,562,7,555
1435,1098,1,1027,7,1020
1436,1098,2,802,7,795
1436,1098,3,639,7,632
1437,1098,4,818,7,811
1437,1098,5,881,7,874
1438,1098,6,807,7,800
1438,1098,7,980,7,973
1439,1132,0,760,7,753
1439,1132,1,879,7,872
1440,1132,2,703,7,696
1440,1132,3,979,7,972
1441,1132,4,1000,7,993
1441,1132,5,741,7,734
1442,1132,6,1027,7,1020
1442,1132,7,803,7,796
1443,78,0,1861,7,1854
1443,78,1,1236,7,1229
1444,78,2,2027,7,2020
1444,78,3,1258,7,1251
1445,78,4,1776,7,1769
1445,78,5,1764,7,1757
1446,78,6,1616,7,1609
1446,78,7,1762,7,1755
1447,112,0,1054,7,1047
1447,112,1,1358,7,1351
1448,112,2,1818,7,1811
1448,112,3,1533,7,1526
1449,112,4,1869,7,1862
1449,112,5,1423,7,1416
1450,112,6,1497,7,1490
1450,112,7,1999,7,1992
1451,146,0,1806,7,1799
1451,146,1,1152,7,1145
1452,146,2,1046,7,1039
1452,146,3,1171,7,1164
1453,146,4,1998,7,1991
1453,146,5,1513,7,1506
1454,146,6,1164,7,1157
1454,146,7,1186,7,1179
1455,180,0,2004,7,1997
1455,180,1,1435,7,1428
1456,180,2,1045,7,1038
1456,180,3,1886,7,1879
1457,180,4,1839,7,1832
1457,180,5,1663,7,1656
1458,180,6,1203,7,1196
1458,180,7,1196,7,1189
1459,214,0,1495,7,1488
1459,214,1,1897,7,1890
1460,214,2,1403,7,1396
1460,214,3,1914,7,1907
1461,214,4,1289,7,1282
1461,214,5,1121,7,1114
1462,214,6,1815,7,1808
1462,214,7,1925,7,1918
1463,248,0,1848,7,1841
1463,248,1,1113,7,1106
1464,248,2,1233,7,1226
1464,248,3,1763,7,1756
1465,248,4,1645,7,1638
1465,248,5,1797,7,1790
1466,248,6,1087,7,1080
1466,248,7,1537,7,1530
1467,282,0,1479,7,1472
1467,282,1,1561,7,1554
1468,282,2,1472,7,1465
1468,282,3,1849,7,1842
1469,282,4,1990,7,1983
1469,282,5,1940,7,1933
1470,282,6,1104,7,1097
1470,282,7,1149,7,1142
1471,316,0,2017,7,2010
1471,316,1,1590,7,1583
1472,316,2,1487,7,1480
1472,316,3,1040,7,1033
1473,316,4,1624,7,1617
1473,316,5,1913,7,1906
1474,316,6,1967,7,1960
1474,316,7,1832,7,1825
1475,350,0,1828,7,1821
1475,350,1,1212,7,1205
1476,350,2,1656,7,1649
1476,350,3,1463,7,1456
1477,350,4,1485,7,1478
1477,350,5,1802,7,1795
1478,350,6,1787,7,1780
1478,350,7,1323,7,1316
1479,384,0,1980,7,1973
1479,384,1,1087,7,1080
1480,384,2,1418,7,1411
1480,384,3,1415,7,1408
1481,384,4,2012,7,2005
1481,384,5,1773,7,1766
1482,384,6,1414,7,1407
1482,384,7,1426,7,1419
1483,418,0,1247,7,1240
1483,418,1,1445,7,1438
1484,418,2,1718,7,1711
1484,418,3,1578,7,1571
1485,418,4,1387,7,1380
1485,418,5,1089,7,1082
1486,418,6,1820,7,1813
1486,418,7,1466,7,1459
1487,452,0,1644,7,1637
1487,452,1,1774,7,1767
1488,452,2,1272,7,1265
1488,452,3,1335,7,1328
1489,452,4,1590,7,1583
1489,452,5,1256,7,1249
1490,452,6,1424,7,1417
1490,452,7,1148,7,1141
1491,486,0,1346,7,1339
1491,486,1,2051,7,2044
1492,486,2,1673,7,1666
1492,486,3,1944,7,1937
1493,486,4,1342,7,1335
1493,486,5,1293,7,1286
1494,486,6,1569,7,1562
1494,486,7,1786,7,1779
1495,520,0,1624,7,1617
1495,520,1,1833,7,1826
1496,520,2,1288,7,1281
1496,520,3,1204,7,1197
1497,520,4,1088,7,1081
1497,520,5,1237,7,1230
1498,520,6,1143,7,1136
1498,520,7,1613,7,1606
1499,554,0,1940,7,1933
1499,554,1,1657,7,1650
1500,554,2,1621,7,1614
1500,554,3,2041,7,2034
1501,554,4,1491,7,1484
1501,554,5,1574,7,1567
1502,554,6,1892,7,1885
1502,554,7,1655,7,1648
1503,588,0,1772,7,1765
1503,588,1,1826,7,1819
1504,588,2,1581,7,1574
1504,588,3,1530,7,1523
1505,588,4,1835,7,1828
1505,588,5,1687,7,1680
1506,588,6,1056,7,1049
1506,588,7,1897,7,1890
1507,622,0,2025,7,2018
1507,622,1,2001,7,1994
1508,622,2,1655,7,1648
1508,622,3,1134,7,1127
1509,622,4,1824,7,1817
1509,622,5,1957,7,1950
1510,622,6,1503,7,1496
1510,622,7,1092,7,1085
1511,656,0,2049,7,2042
1511,656,1,1236,7,1229
1512,656,2,1689,7,1682
1512,656,3,1983,7,1976
1513,656,4,1295,7,1288
1513,656,5,1246,7,1239
1514,656,6,2009,7,2002
1514,656,7,1261,7,1254
1515,690,0,1900,7,1893
1515,690,1,1860,7,1853
1516,690,2,1261,7,1254
1516,690,3,1502,7,1495
1517,690,4,1108,7,1101
1517,690,5,1312,7,1305
1518,690,6,1583,7,1576
1518,690,7,1113,7,1106
1519,724,0,1532,7,1525
1519,724,1,1729,7,1722
1520,724,2,1678,7,1671
1520,724,3,1913,7,1906
1521,724,4,1324,7,1317
1521,724,5,1458,7,1451
1522,724,6,1891,7,1884
1522,724,7,1030,7,1023
1523,758,0,2031,7,2024
1523,758,1,1587,7,1580
1524,758,2,1123,7,1116
1524,758,3,1654,7,1647
1525,758,4,1672,7,1665
1525,758,5,1687,7,1680
1526,758,6,1166,7,1159
1526,758,7,1233,7,1226
1527,792,0,2033,7,2026
1527,792,1,1189,7,1182
1528,792,2,1228,7,1221
1528,792,3,1088,7,1081
1529,792,4,1582,7,1575
1529,792,5,1204,7,1197
1530,792,6,1775,7,1768
1530,792,7,1330,7,1323
1531,826,0,1436,7,1429
1531,826,1,1512,7,1505
1532,826,2,1961,7,1954
1532,826,3,1047,7,1040
1533,826,4,1844,7,1837
1533,826,5,1656,7,1649
1534,826,6,1435,7,1428
1534,826,7,1864,7,1857
1535,860,0,1367,7,1360
1535,860,1,1273,7,1266
1536,860,2,1314,7,1307
1536,860,3,1973,7,1966
1537,860,4,1434,7,1427
1537,860,5,1849,7,1842
1538,860,6,1478,7,1471
1538,860,7,1915,7,1908
1539,894,0,1383,7,1376
1539,894,1,1318,7,1311
1540,894,2,1382,7,1375
1540,894,3,1106,7,1099
1541,894,4,1300,7,1293
1541,894,5,1032,7,1025
1542,894,6,1297,7,1290
1542,894,7,1400,7,1393
1543,928,0,1964,7,1957
1543,928,1,1288,7,1281
1544,928,2,1669,7,1662
1544,928,3,1859,7,1852
1545,928,4,1237,7,1230
1545,928,5,1932,7,1925
1546,928,6,1870,7,1863
1546,928,7,1869,7,1862
1547,962,0,1985,7,1978
1547,962,1,1245,7,1238
1548,962,2,1713,7,1706
1548,962,3,2033,7,2026
1549,962,4,1841,7,1834
1549,962,5,1422,7,1415
1550,962,6,1549,7,1542
1550,962,7,1338,7,1331
1551,996,0,1637,7,1630
1551,996,1,1228,7,1221
1552,996,2,1437,7,1430
1552,996,3,1965,7,1958
1553,996,4,1822,7,1815
1553,996,5,1507,7,1500
1554,996,6,1601,7,1594
1554,996,7,1609,7,1602
1555,1030,0,1954,7,1947
1555,1030,1,1258,7,1251
1556,1030,2,1129,7,1122
1556,1030,3,1734,7,1727
1557,1030,4,1776,7,1769
1557,1030,5,1721,7,1714
1558,1030,6,1174,7,1167
1558,1030,7,1791,7,1784
1559,1064,0,1059,7,1052
1559,1064,1,1533,7,1526
1560,1064,2,1685,7,1678
1560,1064,3,1957,7,1950
1561,1064,4,1695,7,1688
1561,1064,5,1463,7,1456
1562,1064,6,1577,7,1570
1562,1064,7,1365,7,1358
1563,1098,0,1119,7,1112
1563,1098,1,2048,7,2041
1564,1098,2,1598,7,1591
1564,1098,3,1272,7,1265
1565,1098,4,1631,7,1624
1565,1098,5,1757,7,1750
1566,1098,6,1608,7,1601
1566,1098,7,1954,7,1947
1567,1132,0,1514,7,1507
1567,1132,1,1753,7,1746
1568,1132,2,1400,7,1393
1568,1132,3,1952,7,1945
1569,1132,4,1995,7,1988
1569,1132,5,1477,7,1470
1570,1132,6,2048,7,2041
1570,1132,7,1601,7,1594
1571,78,0,7,7,0
1571,78,1,7,7,0
1572,78,2,7,7,0
1572,78,3,7,7,0
1573,78,4,7,7,0
1573,78,5,7,7,0
1574,78,6,7,7,0
1574,78,7,7,7,0
1575,112,0,7,7,0
1575,112,1,7,7,0
1576,112,2,7,7,0
1576,112,3,7,7,0
1577,112,4,7,7,0
1577,112,5,7,7,0
1578,112,6,7,7,0
1578,112,7,7,7,0
1579,146,0,7,7,0
1579,146,1,7,7,0
1580,146,2,7,7,0
1580,146,3,7,7,0
1581,146,4,7,7,0
1581,146,5,7,7,0
1582,146,6,7,7,0
1582,146,7,7,7,0
1583,180,0,7,7,0
1583,180,1,7,7,0
1584,180,2,7,7,0
1584,180,3,7,7,0
1585,180,4,7,7,0
1585,180,5,7,7,0
1586,180,6,7,7,0
1586,180,7,7,7,0
1587,214,0,7,7,0
1587,214,1,7,7,0
1588,214,2,7,7,0
1588,214,3,7,7,0
1589,214,4,7,7,0
1589,214,5,7,7,0
1590,214,6,7,7,0
1590,214,7,7,7,0
1591,248,0,7,7,0
1591,248,1,7,7,0
1592,248,2,7,7,0
1592,248,3,7,7,0
1593,248,4,7,7,0
1593,248,5,7,7,0
1594,248,6,7,7,0
1594,248,7,7,7,0
1595,282,0,7,7,0
1595,282,1,7,7,0
1596,282,2,7,7,0
1596,282,3,7,7,0
1597,282,4,7,7,0
1597,282,5,7,7,0
1598,282,6,7,7,0
1598,282,7,7,7,0
1599,316,0,7,7,0
1599,316,1,7,7,0
1600,316,2,7,7,0
1600,316,3,7,7,0
1601,316,4,7,7,0
1601,316,5,7,7,0
1602,316,6,7,7,0
1602,316,7,7,7,0
1603,350,0,7,7,0
1603,350,1,7,7,0
1604,350,2,7,7,0
1604,350,3,7,7,0
1605,350,4,7,7,0
1605,350,5,7,7,0
1606,350,6,7,7,0
1606,350,7,7,7,0
1607,384,0,7,7,0
1607,384,1,7,7,0
1608,384,2,7,7,0
1608,384,3,7,7,0
1609,384,4,7,7,0
1609,384,5,7,7,0
1610,384,6,7,7,0
1610,384,7,7,7,0
1611,418,0,7,7,0
1611,418,1,7,7,0
1612,418,2,7,7,0
1612,418,3,7,7,0
1613,418,4,7,7,0
1613,418,5,7,7,0
1614,418,6,7,7,0
1614,418,7,7,7,0
1615,452,0,7,7,0
1615,452,1,7,7,0
1616,452,2,7,7,0
1616,452,3,7,7,0
1617,452,4,7,7,0
1617,452,5,7,7,0
1618,452,6,7,7,0
1618,452,7,7,7,0
1619,486,0,7,7,0
1619,486,1,7,7,0
1620,486,2,7,7,0
1620,486,3,7,7,0
1621,486,4,7,7,0
1621,486,5,7,7,0
1622,486,6,7,7,0
1622,486,7,7,7,0
1623,520,0,7,7,0
1623,520,1,7,7,0
1624,520,2,7,7,0
1624,520,3,7,7,0
1625,520,4,7,7,0
1625,520,5,7,7,0
1626,520,6,7,7,0
1626,520,7,7,7,0
1627,554,0,7,7,0
1627,554,1,7,7,0
1628,554,2,7,7,0
1628,554,3,7,7,0
1629,554,4,7,7,0
1629,554,5,7,7,0
1630,554,6,7,7,0
1630,554,7,7,7,0
1631,588,0,7,7,0
1631,588,1,7,7,0
1632,588,2,7,7,0
1632,588,3,7,7,0
1633,588,4,7,7,0
1633,588,5,7,7,0
1634,588,6,7,7,0
1634,588,7,7,7,0
1635,622,0,7,7,0
1635,622,1,7,7,0
1636,622,2,7,7,0
1636,622,3,7,7,0
1637,622,4,7,7,0
1637,622,5,7,7,0
1638,622,6,7,7,0
1638,622,7,7,7,0
1639,656,0,7,7,0
1639,656,1,7,7,0
1640,656,2,7,7,0
1640,656,3,7,7,0
1641,656,4,7,7,0
1641,656,5,7,7,0
1642,656,6,7,7,0
1642,656,7,7,7,0
1643,690,0,7,7,0
1643,690,1,7,7,0
1644,690,2,7,7,0
1644,690,3,7,7,0
1645,690,4,7,7,0
1645,690,5,7,7,0
1646,690,6,7,7,0
1646,690,7,7,7,0
1647,724,0,7,7,0
1647,724,1,7,7,0
1648,724,2,7,7,0
1648,724,3,7,7,0
1649,724,4,7,7,0
1649,724,5,7,7,0
1650,724,6,7,7,0
1650,724,7,7,7,0
1651,758,0,7,7,0
1651,758,1,7,7,0
1652,758,2,7,7,0
1652,758,3,7,7,0
1653,758,4,7,7,0
1653,758,5,7,7,0
1654,758,6,7,7,0
1654,758,7,7,7,0
1655,792,0,7,7,0
1655,792,1,7,7,0
1656,792,2,7,7,0
1656,792,3,7,7,0
1657,792,4,7,7,0
1657,792,5,7,7,0
1658,792,6,7,7,0
1658,792,7,7,7,0
1659,826,0,7,7,0
1659,826,1,7,7,0
1660,826,2,7,7,0
1660,826,3,7,7,0
1661,826,4,7,7,0
1661,826,5,7,7,0
1662,826,6,7,7,0
1662,826,7,7,7,0
1663,860,0,7,7,0
1663,860,1,7,7,0
1664,860,2,7,7,0
1664,860,3,7,7,0
1665,860,4,7,7,0
1665,860,5,7,7,0
1666,860,6,7,7,0
1666,860,7,7,7,0
1667,894,0,7,7,0
1667,894,1,7,7,0
1668,894,2,7,7,0
1668,894,3,7,7,0
1669,894,4,7,7,0
1669,894,5,7,7,0
1670,894,6,7,7,0
1670,894,7,7,7,0
1671,928,0,7,7,0
1671,928,1,7,7,0
1672,928,2,7,7,0
1672,928,3,7,7,0
1673,928,4,7,7,0
1673,928,5,7,7,0
1674,928,6,7,7,0
1674,928,7,7,7,0
1675,962,0,7,7,0
1675,962,1,7,7,0
1676,962,2,7,7,0
1676,962,3,7,7,0
1677,962,4,7,7,0
1677,962,5,7,7,0
1678,962,6,7,7,0
1678,962,7,7,7,0
1679,996,0,7,7,0
1679,996,1,7,7,0
1680,996,2,7,7,0
1680,996,3,7,7,0
1681,996,4,7,7,0
1681,996,5,7,7,0
1682,996,6,7,7,0
1682,996,7,7,7,0
1683,1030,0,7,7,0
1683,1030,1,7,7,0
1684,1030,2,7,7,0
1684,1030,3,7,7,0
1685,1030,4,7,7,0
1685,1030,5,7,7,0
1686,1030,6,7,7,0
1686,1030,7,7,7,0
1687,1064,0,7,7,0
1687,1064,1,7,7,0
1688,1064,2,7,7,0
1688,1064,3,7,7,0
1689,1064,4,7,7,0
1689,1064,5,7,7,0
1690,1064,6,7,7,0
1690,1064,7,7,7,0
1691,1098,0,7,7,0
1691,1098,1,7,7,0
1692,1098,2,7,7,0
1692,1098,3,7,7,0
1693,1098,4,7,7,0
1693,1098,5,7,7,0
1694,1098,6,7,7,0
1694,1098,7,7,7,0
1695,1132,0,7,7,0
1695,1132,1,7,7,0
1696,1132,2,7,7,0
1696,1132,3,7,7,0
1697,1132,4,7,7,0
1697,1132,5,7,7,0
1698,1132,6,7,7,0
1698,1132,7,7,7,0
1699,78,0,9,7,2
1699,78,1,8,7,1
1700,78,2,8,7,1
1700,78,3,9,7,2
1701,78,4,8,7,1
1701,78,5,9,7,2
1702,78,6,9,7,2
1702,78,7,9,7,2
1703,112,0,9,7,2
1703,112,1,8,7,1
1704,112,2,8,7,1
1704,112,3,8,7,1
1705,112,4,9,7,2
1705,112,5,8,7,1
1706,112,6,9,7,2
1706,112,7,9,7,2
1707,146,0,9,7,2
1707,146,1,9,7,2
1708,146,2,8,7,1
1708,146,3,8,7,1
1709,146,4,9,7,2
1709,146,5,8,7,1
1710,146,6,9,7,2
1710,146,7,9,7,2
1711,180,0,9,7,2
1711,180,1,8,7,1
1712,180,2,8,7,1
1712,180,3,9,7,2
1713,180,4,8,7,1
1713,180,5,9,7,2
1714,180,6,9,7,2
1714,180,7,9,7,2
1715,214,0,8,7,1
1715,214,1,8,7,1
1716,214,2,8,7,1
1716,214,3,9,7,2
1717,214,4,9,7,2
1717,214,5,9,7,2
1718,214,6,9,7,2
1718,214,7,9,7,2
1719,248,0,9,7,2
1719,248,1,8,7,1
1720,248,2,9,7,2
1720,248,3,9,7,2
1721,248,4,8,7,1
1721,248,5,8,7,1
1722,248,6,8,7,1
1722,248,7,8,7,1
1723,282,0,8,7,1
1723,282,1,8,7,1
1724,282,2,8,7,1
1724,282,3,8,7,1
1725,282,4,8,7,1
1725,282,5,9,7,2
1726,282,6,9,7,2
1726,282,7,9,7,2
1727,316,0,8,7,1
1727,316,1,9,7,2
1728,316,2,9,7,2
1728,316,3,9,7,2
1729,316,4,9,7,2
1729,316,5,9,7,2
1730,316,6,9,7,2
1730,316,7,9,7,2
1731,350,0,9,7,2
1731,350,1,8,7,1
1732,350,2,9,7,2
1732,350,3,9,7,2
1733,350,4,9,7,2
1733,350,5,9,7,2
1734,350,6,8,7,1
1734,350,7,8,7,1
1735,384,0,8,7,1
1735,384,1,9,7,2
1736,384,2,9,7,2
1736,384,3,9,7,2
1737,384,4,9,7,2
1737,384,5,9,7,2
1738,384,6,9,7,2
1738,384,7,9,7,2
1739,418,0,8,7,1
1739,418,1,9,7,2
1740,418,2,8,7,1
1740,418,3,9,7,2
1741,418,4,9,7,2
1741,418,5,9,7,2
1742,418,6,8,7,1
1742,418,7,9,7,2
1743,452,0,8,7,1
1743,452,1,8,7,1
1744,452,2,9,7,2
1744,452,3,9,7,2
1745,452,4,9,7,2
1745,452,5,8,7,1
1746,452,6,9,7,2
1746,452,7,8,7,1
1747,486,0,8,7,1
1747,486,1,8,7,1
1748,486,2,9,7,2
1748,486,3,9,7,2
1749,486,4,9,7,2
1749,486,5,8,7,1
1750,486,6,8,7,1
1750,486,7,8,7,1
1751,520,0,9,7,2
1751,520,1,8,7,1
1752,520,2,8,7,1
1752,520,3,8,7,1
1753,520,4,9,7,2
1753,520,5,9,7,2
1754,520,6,8,7,1
1754,520,7,8,7,1
1755,554,0,8,7,1
1755,554,1,8,7,1
1756,554,2,8,7,1
1756,554,3,8,7,1
1757,554,4,8,7,1
1757,554,5,8,7,1
1758,554,6,9,7,2
1758,554,7,8,7,1
1759,588,0,9,7,2
1759,588,1,9,7,2
1760,588,2,9,7,2
1760,588,3,9,7,2
1761,588,4,8,7,1
1761,588,5,8,7,1
1762,588,6,9,7,2
1762,588,7,8,7,1
1763,622,0,8,7,1
1763,622,1,8,7,1
1764,622,2,9,7,2
1764,622,3,9,7,2
1765,622,4,8,7,1
1765,622,5,9,7,2
1766,622,6,8,7,1
1766,622,7,8,7,1
1767,656,0,9,7,2
1767,656,1,9,7,2
1768,656,2,9,7,2
1768,656,3,8,7,1
1769,656,4,8,7,1
1769,656,5,9,7,2
1770,656,6,9,7,2
1770,656,7,9,7,2
1771,690,0,9,7,2
1771,690,1,8,7,1
1772,690,2,8,7,1
1772,690,3,9,7,2
1773,690,4,8,7,1
1773,690,5,9,7,2
1774,690,6,9,7,2
1774,690,7,9,7,2
1775,724,0,9,7,2
1775,724,1,8,7,1
1776,724,2,9,7,2
1776,724,3,9,7,2
1777,724,4,9,7,2
1777,724,5,8,7,1
1778,724,6,8,7,1
1778,724,7,8,7,1
1779,758,0,8,7,1
1779,758,1,9,7,2
1780,758,2,8,7,1
1780,758,3,9,7,2
1781,758,4,8,7,1
1781,758,5,9,7,2
1782,758,6,9,7,2
1782,758,7,8,7,1
1783,792,0,8,7,1
1783,792,1,9,7,2
1784,792,2,8,7,1
1784,792,3,9,7,2
1785,792,4,9,7,2
1785,792,5,9,7,2
1786,792,6,8,7,1
1786,792,7,8,7,1
1787,826,0,8,7,1
1787,826,1,8,7,1
1788,826,2,9,7,2
1788,826,3,8,7,1
1789,826,4,9,7,2
1789,826,5,8,7,1
1790,826,6,8,7,1
1790,826,7,9,7,2
1791,860,0,9,7,2
1791,860,1,8,7,1
1792,860,2,8,7,1
1792,860,3,8,7,1
1793,860,4,9,7,2
1793,860,5,9,7,2
1794,860,6,9,7,2
1794,860,7,9,7,2
1795,894,0,9,7,2
1795,894,1,9,7,2
1796,894,2,8,7,1
1796,894,3,9,7,2
1797,894,4,9,7,2
1797,894,5,8,7,1
1798,894,6,9,7,2
1798,894,7,9,7,2
1799,928,0,9,7,2
1799,928,1,9,7,2
1800,928,2,9,7,2
1800,928,3,9,7,2
1801,928,4,9,7,2
1801,928,5,9,7,2
1802,928,6,8,7,1
1802,928,7,8,7,1
1803,962,0,8,7,1
1803,962,1,9,7,2
1804,962,2,9,7,2
1804,962,3,8,7,1
1805,962,4,8,7,1
1805,962,5,9,7,2
1806,962,6,8,7,1
1806,962,7,8,7,1
1807,996,0,9,7,2
1807,996,1,9,7,2
1808,996,2,9,7,2
1808,996,3,8,7,1
1809,996,4,9,7,2
1809,996,5,9,7,2
1810,996,6,8,7,1
1810,996,7,8,7,1
1811,1030,0,8,7,1
1811,1030,1,9,7,2
1812,1030,2,9,7,2
1812,1030,3,8,7,1
1813,1030,4,9,7,2
1813,1030,5,8,7,1
1814,1030,6,8,7,1
1814,1030,7,8,7,1
1815,1064,0,9,7,2
1815,1064,1,9,7,2
1816,1064,2,9,7,2
1816,1064,3,9,7,2
1817,1064,4,8,7,1
1817,1064,5,8,7,1
1818,1064,6,8,7,1
1818,1064,7,8,7,1
1819,1098,0,9,7,2
1819,1098,1,9,7,2
1820,1098,2,9,7,2
1820,1098,3,9,7,2
1821,1098,4,9,7,2
1821,1098,5,8,7,1
1822,1098,6,9,7,2
1822,1098,7,9,7,2
1823,1132,0,8,7,1
1823,1132,1,8,7,1
1824,1132,2,8,7,1
1824,1132,3,9,7,2
1825,1132,4,9,7,2
1825,1132,5,9,7,2
1826,1132,6,9,7,2
1826,1132,7,8,7,1
1827,78,0,13,7,6
1827,78,1,10,7,3
1828,78,2,11,7,4
1828,78,3,13,7,6
1829,78,4,11,7,4
1829,78,5,13,7,6
1830,78,6,12,7,5
1830,78,7,13,7,6
1831,112,0,12,7,5
1831,112,1,11,7,4
1832,112,2,11,7,4
1832,112,3,11,7,4
1833,112,4,13,7,6
1833,112,5,10,7,3
1834,112,6,13,7,6
1834,112,7,13,7,6
1835,146,0,12,7,5
1835,146,1,13,7,6
1836,146,2,10,7,3
1836,146,3,10,7,3
1837,146,4,13,7,6
1837,146,5,11,7,4
1838,146,6,13,7,6
1838,146,7,13,7,6
1839,180,0,13,7,6
1839,180,1,10,7,3
1840,180,2,10,7,3
1840,180,3,13,7,6
1841,180,4,11,7,4
1841,180,5,13,7,6
1842,180,6,13,7,6
1842,180,7,12,7,5
1843,214,0,10,7,3
1843,214,1,10,7,3
1844,214,2,11,7,4
1844,214,3,12,7,5
1845,214,4,13,7,6
1845,214,5,12,7,5
1846,214,6,12,7,5
1846,214,7,13,7,6
1847,248,0,12,7,5
1847,248,1,10,7,3
1848,248,2,13,7,6
1848,248,3,12,7,5
1849,248,4,11,7,4
1849,248,5,11,7,4
1850,248,6,10,7,3
1850,248,7,11,7,4
1851,282,0,10,7,3
1851,282,1,11,7,4
1852,282,2,10,7,3
1852,282,3,11,7,4
1853,282,4,11,7,4
1853,282,5,13,7,6
1854,282,6,12,7,5
1854,282,7,12,7,5
1855,316,0,11,7,4
1855,316,1,12,7,5
1856,316,2,12,7,5
1856,316,3,13,7,6
1857,316,4,13,7,6
1857,316,5,13,7,6
1858,316,6,12,7,5
1858,316,7,12,7,5
1859,350,0,13,7,6
1859,350,1,11,7,4
1860,350,2,13,7,6
1860,350,3,12,7,5
1861,350,4,13,7,6
1861,350,5,12,7,5
1862,350,6,11,7,4
1862,350,7,10,7,3
1863,384,0,10,7,3
1863,384,1,13,7,6
1864,384,2,13,7,6
1864,384,3,13,7,6
1865,384,4,13,7,6
1865,384,5,12,7,5
1866,384,6,12,7,5
1866,384,7,13,7,6
1867,418,0,11,7,4
1867,418,1,13,7,6
1868,418,2,11,7,4
1868,418,3,12,7,5
1869,418,4,13,7,6
1869,418,5,13,7,6
1870,418,6,11,7,4
1870,418,7,12,7,5
1871,452,0,11,7,4
1871,452,1,11,7,4
1872,452,2,13,7,6
1872,452,3,12,7,5
1873,452,4,12,7,5
1873,452,5,11,7,4
1874,452,6,12,7,5
1874,452,7,11,7,4
1875,486,0,10,7,3
1875,486,1,11,7,4
1876,486,2,12,7,5
1876,486,3,13,7,6
1877,486,4,13,7,6
1877,486,5,11,7,4
1878,486,6,10,7,3
1878,486,7,11,7,4
1879,520,0,12,7,5
1879,520,1,10,7,3
1880,520,2,11,7,4
1880,520,3,10,7,3
1881,520,4,12,7,5
1881,520,5,12,7,5
1882,520,6,11,7,4
1882,520,7,10,7,3
1883,554,0,10,7,3
1883,554,1,11,7,4
1884,554,2,10,7,3
1884,554,3,10,7,3
1885,554,4,10,7,3
1885,554,5,10,7,3
1886,554,6,12,7,5
1886,554,7,11,7,4
1887,588,0,13,7,6
1887,588,1,13,7,6
1888,588,2,12,7,5
1888,588,3,13,7,6
1889,588,4,10,7,3
1889,588,5,11,7,4
1890,588,6,13,7,6
1890,588,7,11,7,4
1891,622,0,10,7,3
1891,622,1,11,7,4
1892,622,2,12,7,5
1892,622,3,13,7,6
1893,622,4,11,7,4
1893,622,5,12,7,5
1894,622,6,10,7,3
1894,622,7,11,7,4
1895,656,0,12,7,5
1895,656,1,12,7,5
1896,656,2,13,7,6
1896,656,3,10,7,3
1897,656,4,10,7,3
1897,656,5,12,7,5
1898,656,6,13,7,6
1898,656,7,13,7,6
1899,690,0,12,7,5
1899,690,1,11,7,4
1900,690,2,11,7,4
1900,690,3,13,7,6
1901,690,4,11,7,4
1901,690,5,13,7,6
1902,690,6,13,7,6
1902,690,7,13,7,6
1903,724,0,13,7,6
1903,724,1,11,7,4
1904,724,2,12,7,5
1904,724,3,12,7,5
1905,724,4,12,7,5
1905,724,5,10,7,3
1906,724,6,11,7,4
1906,724,7,10,7,3
1907,758,0,11,7,4
1907,758,1,12,7,5
1908,758,2,11,7,4
1908,758,3,13,7,6
1909,758,4,10,7,3
1909,758,5,12,7,5
1910,758,6,13,7,6
1910,758,7,10,7,3
1911,792,0,11,7,4
1911,792,1,13,7,6
1912,792,2,10,7,3
1912,792,3,13,7,6
1913,792,4,12,7,5
1913,792,5,13,7,6
1914,792,6,10,7,3
1914,792,7,11,7,4
1915,826,0,10,7,3
1915,826,1,11,7,4
1916,826,2,12,7,5
1916,826,3,11,7,4
1917,826,4,13,7,6
1917,826,5,10,7,3
1918,826,6,11,7,4
1918,826,7,13,7,6
1919,860,0,12,7,5
1919,860,1,10,7,3
1920,860,2,10,7,3
1920,860,3,11,7,4
1921,860,4,12,7,5
1921,860,5,13,7,6
1922,860,6,13,7,6
1922,860,7,12,7,5
1923,894,0,13,7,6
1923,894,1,12,7,5
1924,894,2,10,7,3
1924,894,3,12,7,5
1925,894,4,12,7,5
1925,894,5,11,7,4
1926,894,6,13,7,6
1926,894,7,13,7,6
1927,928,0,12,7,5
1927,928,1,13,7,6
1928,928,2,13,7,6
1928,928,3,13,7,6
1929,928,4,12,7,5
1929,928,5,12,7,5
1930,928,6,11,7,4
1930,928,7,10,7,3
1931,962,0,11,7,4
1931,962,1,13,7,6
1932,962,2,13,7,6
1932,962,3,11,7,4
1933,962,4,11,7,4
1933,962,5,12,7,5
1934,962,6,11,7,4
1934,962,7,11,7,4
1935,996,0,13,7,6
1935,996,1,13,7,6
1936,996,2,12,7,5
1936,996,3,11,7,4
1937,996,4,12,7,5
1937,996,5,13,7,6
1938,996,6,11,7,4
1938,996,7,10,7,3
1939,1030,0,11,7,4
1939,1030,1,13,7,6
1940,1030,2,13,7,6
1940,1030,3,10,7,3
1941,1030,4,13,7,6
1941,1030,5,10,7,3
1942,1030,6,11,7,4
1942,1030,7,10,7,3
1943,1064,0,13,7,6
1943,1064,1,12,7,5
1944,1064,2,12,7,5
1944,1064,3,12,7,5
1945,1064,4,10,7,3
1945,1064,5,11,7,4
1946,1064,6,10,7,3
1946,1064,7,11,7,4
1947,1098,0,12,7,5
1947,1098,1,12,7,5
1948,1098,2,12,7,5
1948,1098,3,13,7,6
1949,1098,4,13,7,6
1949,1098,5,10,7,3
1950,1098,6,12,7,5
1950,1098,7,13,7,6
1951,1132,0,10,7,3
1951,1132,1,10,7,3
1952,1132,2,10,7,3
1952,1132,3,13,7,6
1953,1132,4,12,7,5
1953,1132,5,13,7,6
1954,1132,6,12,7,5
1954,1132,7,11,7,4
1955,78,0,21,7,14
1955,78,1,15,7,8
1956,78,2,17,7,10
1956,78,3,20,7,13
1957,78,4,16,7,9
1957,78,5,21,7,14
1958,78,6,19,7,12
1958,78,7,20,7,13
1959,112,0,19,7,12
1959,112,1,16,7,9
1960,112,2,16,7,9
1960,112,3,16,7,9
1961,112,4,21,7,14
1961,112,5,14,7,7
1962,112,6,20,7,13
1962,112,7,21,7,14
1963,146,0,19,7,12
1963,146,1,20,7,13
1964,146,2,15,7,8
1964,146,3,14,7,7
1965,146,4,21,7,14
1965,146,5,16,7,9
1966,146,6,21,7,14
1966,146,7,20,7,13
1967,180,0,21,7,14
1967,180,1,15,7,8
1968,180,2,15,7,8
1968,180,3,20,7,13
1969,180,4,16,7,9
1969,180,5,20,7,13
1970,180,6,21,7,14
1970,180,7,19,7,12
1971,214,0,15,7,8
1971,214,1,14,7,7
1972,214,2,16,7,9
1972,214,3,18,7,11
1973,214,4,21,7,14
1973,214,5,19,7,12
1974,214,6,18,7,11
1974,214,7,21,7,14
1975,248,0,18,7,11
1975,248,1,15,7,8
1976,248,2,21,7,14
1976,248,3,18,7,11
1977,248,4,16,7,9
1977,248,5,17,7,10
1978,248,6,15,7,8
1978,248,7,16,7,9
1979,282,0,15,7,8
1979,282,1,17,7,10
1980,282,2,15,7,8
1980,282,3,17,7,10
1981,282,4,16,7,9
1981,282,5,20,7,13
1982,282,6,18,7,11
1982,282,7,19,7,12
1983,316,0,16,7,9
1983,316,1,18,7,11
1984,316,2,18,7,11
1984,316,3,21,7,14
1985,316,4,21,7,14
1985,316,5,21,7,14
1986,316,6,18,7,11
1986,316,7,19,7,12
1987,350,0,21,7,14
1987,350,1,17,7,10
1988,350,2,21,7,14
1988,350,3,18,7,11
1989,350,4,21,7,14
1989,350,5,19,7,12
1990,350,6,16,7,9
1990,350,7,14,7,7
1991,384,0,14,7,7
1991,384,1,21,7,14
1992,384,2,20,7,13
1992,384,3,21,7,14
1993,384,4,20,7,13
1993,384,5,18,7,11
1994,384,6,18,7,11
1994,384,7,21,7,14
1995,418,0,16,7,9
1995,418,1,20,7,13
1996,418,2,17,7,10
1996,418,3,18,7,11
1997,418,4,21,7,14
1997,418,5,21,7,14
1998,418,6,17,7,10
1998,418,7,19,7,12
1999,452,0,16,7,9
1999,452,1,17,7,10
2000,452,2,21,7,14
2000,452,3,18,7,11
2001,452,4,19,7,12
2001,452,5,17,7,10
2002,452,6,19,7,12
2002,452,7,17,7,10
2003,486,0,14,7,7
2003,486,1,16,7,9
2004,486,2,18,7,11
2004,486,3,21,7,14
2005,486,4,21,7,14
2005,486,5,16,7,9
2006,486,6,14,7,7
2006,486,7,16,7,9
2007,520,0,18,7,11
2007,520,1,14,7,7
2008,520,2,16,7,9
2008,520,3,14,7,7
2009,520,4,18,7,11
2009,520,5,18,7,11
2010,520,6,16,7,9
2010,520,7,14,7,7
2011,554,0,15,7,8
2011,554,1,17,7,10
2012,554,2,15,7,8
2012,554,3,14,7,7
2013,554,4,15,7,8
2013,554,5,15,7,8
2014,554,6,18,7,11
2014,554,7,17,7,10
2015,588,0,20,7,13
2015,588,1,21,7,14
2016,588,2,18,7,11
2016,588,3,21,7,14
2017,588,4,14,7,7
2017,588,5,16,7,9
2018,588,6,20,7,13
2018,588,7,16,7,9
2019,622,0,15,7,8
2019,622,1,16,7,9
2020,622,2,18,7,11
2020,622,3,21,7,14
2021,622,4,16,7,9
2021,622,5,18,7,11
2022,622,6,14,7,7
2022,622,7,17,7,10
2023,656,0,19,7,12
2023,656,1,19,7,12
2024,656,2,21,7,14
2024,656,3,14,7,7
2025,656,4,14,7,7
2025,656,5,19,7,12
2026,656,6,20,7,13
2026,656,7,21,7,14
2027,690,0,18,7,11
2027,690,1,17,7,10
2028,690,2,16,7,9
2028,690,3,20,7,13
2029,690,4,16,7,9
2029,690,5,21,7,14
2030,690,6,20,7,13
2030,690,7,20,7,13
2031,724,0,21,7,14
2031,724,1,16,7,9
2032,724,2,19,7,12
2032,724,3,19,7,12
2033,724,4,18,7,11
2033,724,5,15,7,8
2034,724,6,17,7,10
2034,724,7,15,7,8
2035,758,0,16,7,9
2035,758,1,18,7,11
2036,758,2,17,7,10
2036,758,3,21,7,14
2037,758,4,14,7,7
2037,758,5,18,7,11
2038,758,6,20,7,13
2038,758,7,14,7,7
2039,792,0,17,7,10
2039,792,1,20,7,13
2040,792,2,15,7,8
2040,792,3,21,7,14
2041,792,4,18,7,11
2041,792,5,20,7,13
2042,792,6,15,7,8
2042,792,7,16,7,9
2043,826,0,14,7,7
2043,826,1,16,7,9
2044,826,2,19,7,12
2044,826,3,16,7,9
2045,826,4,21,7,14
2045,826,5,14,7,7
2046,826,6,16,7,9
2046,826,7,21,7,14
2047,860,0,19,7,12
2047,860,1,14,7,7
2048,860,2,14,7,7
2048,860,3,17,7,10
2049,860,4,19,7,12
2049,860,5,21,7,14
2050,860,6,20,7,13
2050,860,7,18,7,11
2051,894,0,21,7,14
2051,894,1,19,7,12
2052,894,2,14,7,7
2052,894,3,19,7,12
2053,894,4,18,7,11
2053,894,5,17,7,10
2054,894,6,20,7,13
2054,894,7,21,7,14
2055,928,0,18,7,11
2055,928,1,21,7,14
2056,928,2,20,7,13
2056,928,3,20,7,13
2057,928,4,19,7,12
2057,928,5,18,7,11
2058,928,6,16,7,9
2058,928,7,15,7,8
2059,962,0,16,7,9
2059,962,1,21,7,14
2060,962,2,20,7,13
2060,962,3,17,7,10
2061,962,4,17,7,10
2061,962,5,18,7,11
2062,962,6,16,7,9
2062,962,7,17,7,10
2063,996,0,21,7,14
2063,996,1,21,7,14
2064,996,2,19,7,12
2064,996,3,17,7,10
2065,996,4,19,7,12
2065,996,5,21,7,14
2066,996,6,16,7,9
2066,996,7,14,7,7
2067,1030,0,16,7,9
2067,1030,1,21,7,14
2068,1030,2,21,7,14
2068,1030,3,14,7,7
2069,1030,4,21,7,14
2069,1030,5,14,7,7
2070,1030,6,17,7,10
2070,1030,7,15,7,8
2071,1064,0,20,7,13
2071,1064,1,19,7,12
2072,1064,2,18,7,11
2072,1064,3,19,7,12
2073,1064,4,14,7,7
2073,1064,5,17,7,10
2074,1064,6,14,7,7
2074,1064,7,17,7,10
2075,1098,0,19,7,12
2075,1098,1,18,7,11
2076,1098,2,18,7,11
2076,1098,3,21,7,14
2077,1098,4,21,7,14
2077,1098,5,15,7,8
2078,1098,6,18,7,11
2078,1098,7,20,7,13
2079,1132,0,15,7,8
2079,1132,1,14,7,7
2080,1132,2,15,7,8
2080,1132,3,21,7,14
2081,1132,4,18,7,11
2081,1132,5,21,7,14
2082,1132,6,19,7,12
2082,1132,7,16,7,9
2083,78,0,37,7,30
2083,78,1,24,7,17
2084,78,2,29,7,22
2084,78,3,34,7,27
2085,78,4,27,7,20
2085,78,5,36,7,29
2086,78,6,32,7,25
2086,78,7,34,7,27
2087,112,0,32,7,25
2087,112,1,27,7,20
2088,112,2,26,7,19
2088,112,3,26,7,19
2089,112,4,37,7,30
2089,112,5,22,7,15
2090,112,6,34,7,27
2090,112,7,36,7,29
2091,146,0,32,7,25
2091,146,1,34,7,27
2092,146,2,24,7,17
2092,146,3,22,7,15
2093,146,4,37,7,30
2093,146,5,27,7,20
2094,146,6,37,7,30
2094,146,7,34,7,27
2095,180,0,36,7,29
2095,180,1,24,7,17
2096,180,2,25,7,18
2096,180,3,34,7,27
2097,180,4,26,7,19
2097,180,5,35,7,28
2098,180,6,36,7,29
2098,180,7,32,7,25
2099,214,0,24,7,17
2099,214,1,22,7,15
2100,214,2,27,7,20
2100,214,3,30,7,23
2101,214,4,37,7,30
2101,214,5,33,7,26
2102,214,6,31,7,24
2102,214,7,36,7,29
2103,248,0,31,7,24
2103,248,1,24,7,17
2104,248,2,37,7,30
2104,248,3,31,7,24
2105,248,4,26,7,19
2105,248,5,28,7,21
2106,248,6,24,7,17
2106,248,7,27,7,20
2107,282,0,25,7,18
2107,282,1,29,7,22
2108,282,2,25,7,18
2108,282,3,29,7,22
2109,282,4,27,7,20
2109,282,5,35,7,28
2110,282,6,31,7,24
2110,282,7,32,7,25
2111,316,0,27,7,20
2111,316,1,31,7,24
2112,316,2,31,7,24
2112,316,3,37,7,30
2113,316,4,36,7,29
2113,316,5,37,7,30
2114,316,6,31,7,24
2114,316,7,32,7,25
2115,350,0,37,7,30
2115,350,1,29,7,22
2116,350,2,37,7,30
2116,350,3,30,7,23
2117,350,4,36,7,29
2117,350,5,32,7,25
2118,350,6,27,7,20
2118,350,7,23,7,16
2119,384,0,22,7,15
2119,384,1,36,7,29
2120,384,2,34,7,27
2120,384,3,37,7,30
2121,384,4,35,7,28
2121,384,5,30,7,23
2122,384,6,30,7,23
2122,384,7,37,7,30
2123,418,0,27,7,20
2123,418,1,35,7,28
2124,418,2,28,7,21
2124,418,3,30,7,23
2125,418,4,36,7,29
2125,418,5,37,7,30
2126,418,6,28,7,21
2126,418,7,32,7,25
2127,452,0,26,7,19
2127,452,1,29,7,22
2128,452,2,36,7,29
2128,452,3,31,7,24
2129,452,4,32,7,25
2129,452,5,28,7,21
2130,452,6,32,7,25
2130,452,7,29,7,22
2131,486,0,22,7,15
2131,486,1,27,7,20
2132,486,2,30,7,23
2132,486,3,36,7,29
2133,486,4,36,7,29
2133,486,5,27,7,20
2134,486,6,22,7,15
2134,486,7,27,7,20
2135,520,0,30,7,23
2135,520,1,22,7,15
2136,520,2,27,7,20
2136,520,3,22,7,15
2137,520,4,30,7,23
2137,520,5,30,7,23
2138,520,6,27,7,20
2138,520,7,22,7,15
2139,554,0,24,7,17
2139,554,1,28,7,21
2140,554,2,25,7,18
2140,554,3,23,7,16
2141,554,4,25,7,18
2141,554,5,25,7,18
2142,554,6,31,7,24
2142,554,7,29,7,22
2143,588,0,34,7,27
2143,588,1,36,7,29
2144,588,2,30,7,23
2144,588,3,37,7,30
2145,588,4,22,7,15
2145,588,5,26,7,19
2146,588,6,35,7,28
2146,588,7,26,7,19
2147,622,0,25,7,18
2147,622,1,26,7,19
2148,622,2,31,7,24
2148,622,3,37,7,30
2149,622,4,26,7,19
2149,622,5,30,7,23
2150,622,6,23,7,16
2150,622,7,28,7,21
2151,656,0,32,7,25
2151,656,1,32,7,25
2152,656,2,37,7,30
2152,656,3,23,7,16
2153,656,4,23,7,16
2153,656,5,33,7,26
2154,656,6,34,7,27
2154,656,7,36,7,29
2155,690,0,30,7,23
2155,690,1,29,7,22
2156,690,2,27,7,20
2156,690,3,35,7,28
2157,690,4,26,7,19
2157,690,5,36,7,29
2158,690,6,35,7,28
2158,690,7,34,7,27
2159,724,0,37,7,30
2159,724,1,27,7,20
2160,724,2,33,7,26
2160,724,3,32,7,25
2161,724,4,30,7,23
2161,724,5,24,7,17
2162,724,6,28,7,21
2162,724,7,25,7,18
2163,758,0,27,7,20
2163,758,1,30,7,23
2164,758,2,28,7,21
2164,758,3,36,7,29
2165,758,4,23,7,16
2165,758,5,30,7,23
2166,758,6,34,7,27
2166,758,7,22,7,15
2167,792,0,28,7,21
2167,792,1,35,7,28
2168,792,2,25,7,18
2168,792,3,37,7,30
2169,792,4,30,7,23
2169,792,5,34,7,27
2170,792,6,25,7,18
2170,792,7,27,7,20
2171,826,0,22,7,15
2171,826,1,27,7,20
2172,826,2,32,7,25
2172,826,3,26,7,19
2173,826,4,36,7,29
2173,826,5,23,7,16
2174,826,6,26,7,19
2174,826,7,37,7,30
2175,860,0,32,7,25
2175,860,1,22,7,15
2176,860,2,22,7,15
2176,860,3,28,7,21
2177,860,4,32,7,25
2177,860,5,36,7,29
2178,860,6,35,7,28
2178,860,7,31,7,24
2179,894,0,37,7,30
2179,894,1,32,7,25
2180,894,2,23,7,16
2180,894,3,32,7,25
2181,894,4,31,7,24
2181,894,5,28,7,21
2182,894,6,35,7,28
2182,894,7,37,7,30
2183,928,0,31,7,24
2183,928,1,36,7,29
2184,928,2,35,7,28
2184,928,3,35,7,28
2185,928,4,33,7,26
2185,928,5,30,7,23
2186,928,6,26,7,19
2186,928,7,24,7,17
2187,962,0,26,7,19
2187,962,1,37,7,30
2188,962,2,34,7,27
2188,962,3,29,7,22
2189,962,4,28,7,21
2189,962,5,31,7,24
2190,962,6,27,7,20
2190,962,7,29,7,22
2191,996,0,36,7,29
2191,996,1,37,7,30
2192,996,2,33,7,26
2192,996,3,28,7,21
2193,996,4,33,7,26
2193,996,5,36,7,29
2194,996,6,27,7,20
2194,996,7,23,7,16
2195,1030,0,27,7,20
2195,1030,1,36,7,29
2196,1030,2,36,7,29
2196,1030,3,23,7,16
2197,1030,4,36,7,29
2197,1030,5,23,7,16
2198,1030,6,28,7,21
2198,1030,7,25,7,18
2199,1064,0,35,7,28
2199,1064,1,32,7,25
2200,1064,2,31,7,24
2200,1064,3,33,7,26
2201,1064,4,23,7,16
2201,1064,5,29,7,22
2202,1064,6,23,7,16
2202,1064,7,29,7,22
2203,1098,0,32,7,25
2203,1098,1,31,7,24
2204,1098,2,31,7,24
2204,1098,3,37,7,30
2205,1098,4,37,7,30
2205,1098,5,24,7,17
2206,1098,6,31,7,24
2206,1098,7,34,7,27
2207,1132,0,25,7,18
2207,1132,1,23,7,16
2208,1132,2,25,7,18
2208,1132,3,36,7,29
2209,1132,4,31,7,24
2209,1132,5,37,7,30
2210,1132,6,32,7,25
2210,1132,7,27,7,20
